číslo přihlášky|znění|datum zápisu|území|zboží|stav
1|KARLOVARSKÝ SUCHAR|01.02.1974|Oblast Karlovarského regionu ohraničená obcemi Karlovy Vary – Šemnice – Kyselka – Velichov – Ostrov – Hroznětín – Mezirolí – Stará Role – Karlovy Vary, včetně těchto obcí.|suchary|Platný dokument
2|KARLOVARSKÁ VODA|01.02.1974|Zřídelní oblast města Karlovy Vary|Minerální voda|Platný dokument
3|KARLOVARSKÁ MINERÁLNÍ VODA|01.02.1974|Zřídelní oblast města Karlovy Vary|Minerální voda|Platný dokument
4|KARLOVARSKÁ PŘÍRODNÍ MINERÁLNÍ VODA|01.02.1974|Zřídelní oblast města Karlovy Vary|Minerální voda|Platný dokument
5|KARLOVARSKÝ MLÝNSKÝ PRAMEN|01.02.1974|Zřídelní oblast města Karlovy Vary|Minerální voda|Platný dokument
6|KARLOVARSKÁ VŘÍDELNÍ SŮL|01.02.1974|Zřídelní oblast města Karlovy Vary|Vřídelní sůl k léčivým účelům|Platný dokument
7|KARLOVARSKÁ SŮL|01.02.1974|Zřídelní oblast města Karlovy Vary|Vřídelní sůl k léčivým účelům|Platný dokument
8|KARLOVARSKÁ PŘÍRODNÍ VŘÍDELNÍ SUL|01.02.1974|Zřídelní oblast města Karlovy Vary|Vřídelní sůl k léčivým účelům|Platný dokument
9|KYSELSKÁ (KYSIBELSKÁ) MATTONIHO KYSELKA|01.02.1974|Zřídelní oblast na území obce Kyselka u Karlových Varů|Přírodní minerální voda stolní|Platný dokument
10|MARIÁNSKO-LÁZEŇSKÁ PŘÍRODNÍ MINERÁLNÍ VODA|01.02.1974|Zřídelní oblast města Mariánské Lázně|Přírodní minerální vody léčivé a stolní|Platný dokument
11|MARIÁNSKO-LÁZEŇSKÁ RUDOLFKA|01.02.1974|Zřídelní oblast města Mariánské Lázně|Přírodní léčivá minerální voda|Platný dokument
12|FRANTIŠKO-LÁZEŇSKÁ PŘÍRODNÍ MINERÁLNÍ VODA|01.02.1974|Zřídelní oblast města Františkovy Lázně|Přírodní léčivé minerální vody|Platný dokument
13|BÍLINSKÁ KYSELKA|01.02.1974|Zřídelní oblast města Bílina|Přírodní léčivá minerální voda|Platný dokument
14|PODĚBRADSKÁ MINERÁLNÍ VODA|01.02.1974|Zřídelní oblast města Poděbrady|Přírodní minerální voda stolní|Platný dokument
15|LUHAČOVICKÁ PŘÍRODNÍ MINERÁLNÍ VODA|01.02.1974|Zřídelní oblast lázeňského místa Luhačovice, okres Zlín|Léčivé minerální vody|Platný dokument
16|LUHAČOVICKÁ VINCENTKA|01.02.1974|Zřídelní oblast lázeňského místa Luhačovice, okres Zlín|Přírodní léčivá minerální voda|Platný dokument
17|ŠARATICA|01.02.1974|Zřídelní oblast na území obcí Těšany, Újezd, Nesvačinka, Šaratica a Sokolnice|Přírodní léčivá minerální voda|Platný dokument
18|PIEŠŤANSKÉ BAHNO|01.02.1974|SR, Oblast lázeňského místa Piešťany, okres Trnava|Bahno používané k léčebným účelům|Platný dokument
19|JABLONECKÁ BIŽUTERIE|01.02.1974|Oblast Jablonec nad Nisou, Semily, Liberec|Bižuterie ze skla, keramiky, kovů, plastických hmot a z přírodních materiálů organického a anorganického původu.|Platný dokument
20|JABLONECKÉ ZBOŽÍ|01.02.1974|Oblast Jablonec nad Nisou, Semily, Liberec|Bižuterie, knoflíky, vánoční ozdoby, devocionálie, upomínkové předměty, ozdobné prvky bižuterní, např. perly z napodobeniny kamenů, krystalerie, lustrové ověsy, mozaika, balotina, sklo ozdobné, sklo užitkové.|Platný dokument
21|JABLONECKÉ SKLO|01.02.1974|Oblast Jablonce nad Nisou|Užitkové a ozdobné sklo, zejména foukané, lisované a lisofoukané, dále mozaika a balotina.|Platný dokument
22|JABLONECKÁ KRYSTALERIE|01.02.1974|Okres Jablonec nad Nisou|Užitkové a ozdobné předměty z tlustostěnného skla sodnodraselného nebo lehce olovnatého, zušlechtěné broušením a leštěním, popř. v kombinaci s dalšími deko- račními technikami, lustrové ověsy.|Platný dokument
23|ŽELEZNOBRODSKÉ SKLO|01.02.1974|Oblast Železného Brodu a ostatní části okresu Jablonec nad Nisou|Hutní sklo, příp. zušlechtěné různými dekoračními technikami, sklo broušené a lité, sklo umělecké, plastiky ze skla.|Platný dokument
24|ŽELEZNOBRODSKÉ FIGURKY|01.02.1974|Železný Brod a okolní části okresu Jablonec nad Nisou|Figurky a upomínkové předměty hlavně ze skla|Platný dokument
25|KRASLICKÉ HUDEBNÍ NÁSTROJE|01.02.1974|Kraslice, okres Sokolov|Dechové hud. nástroje všeho druhu,bicí nástroje,hud. hračky|Platný dokument
26|KRASLICKÉ KRAJKY|01.02.1974|Oblast Sokolov v západních Čechách|Výšivky, záclony, plyše|Platný dokument
27|ČESKÝ KŘIŠŤÁL|01.02.1974|Čechy|Skleněné výrobky užitkového charakteru, hladké i různými způsoby zušlechtěné.|Platný dokument
28|ČESKÉ SKLO|01.02.1974|Čechy|Skleněné výrobky užitkového charakteru, hladké i různými způsoby zušlechtěné.|Platný dokument
30|ČESKÝ PORCELÁN|01.02.1974|Západní Čechy|Užitkový porcelán|Platný dokument
31|DUCHCOVSKÝ PORCELÁN|01.02.1974|Severní Čechy|Figurální a ozdobný porcelán|Platný dokument
32|KARLOVARSKÝ PORCELÁN|01.02.1974|Západní Čechy|Výrobky užitkového porcelánu|Platný dokument
33|PRAVÉ OLOMOUCKÉ TVARUŽKY|01.02.1974|Haná s historickým zeměpisným a hospodářským střediskem Olomouc|Sýry|Platný dokument
34|LIPTOVSKÁ BRYNDZA|01.02.1974|SR, Středoslovenský kraj, okres Liptovský Mikuláš|Měkký pomazánkový sýr|Platný dokument
35|SLOVENSKÝ OŠTIEPOK|01.02.1974|SR, Slovensko|Tvrdý tučný sýr|Platný dokument
36|MORAVSKÁ CIHLA|01.02.1974|Okres Žďár nad Sázavou - Jihomoravský kraj|Tvrdý sýr|Platný dokument
38|KRKONOŠSKÝ PIVNÍ SÝR|01.02.1974|Východočeský kraj, okres Semily a Trutnov|Měkký sýr|Platný dokument
42|PARDUBICKÝ PERNÍK|01.02.1974|Katastrální území města Pardubice|Perník|Platný dokument
43|KARLOVARSKÉ OPLATKY|01.02.1974|Katastr lázeňského města Karlovy Vary|Trvanlivé pečivo - oplatky|Platný dokument
44|MARIÁNSKO-LÁZEŇSKÉ OPLATKY|01.02.1974|Území obcí Mariánské Lázně a Velká Hleďsebe, spadající do správního obvodu o názvu Mariánské Lázně|Oplatky|Platný dokument
45|SLOVÁCKÁ BOROVIČKA|01.02.1974|Okres Uherské Hradiště - Jihomoravský kraj|Lihovina|Platný dokument
46|TRENČIANSKÁ BOROVIČKA "JUNIPERUS"|01.02.1974|SR, Okres Trenčín, Západoslovenský kraj|Lihoviny|Platný dokument
47|ZNOJEMSKÉ OKURKY|01.02.1974|Okres Znojmo, Jihomoravský kraj|Okurky sterilizované|Platný dokument
48|BRATISLAVSKÉ HROZNO|01.02.1974|SR, Bratislava, Západoslovenský kraj|Víno|Platný dokument
49|BZENECKÁ LIPKA|01.02.1974|okres Hodonín-Jihomoravský kraj|Víno|Platný dokument
50|LIMBAŠSKÝ SYLVÁN|01.02.1974|SR, Okres Bratislava-venkov, Západoslovenský kraj|Víno|Platný dokument
51|MALOKARPATSKÉ ZLATO|01.02.1974|SR, Bratislava-venkov, Západoslovenský kraj|Víno|Platný dokument
52|MODRANSKA HARMÓNIA|01.02.1974|SR, Bratislava-venkov, Západoslovenský kraj|Víno|Platný dokument
53|PÁLAVSKÉ BÍLÉ|01.02.1974|Okres Břeclav, Jihomoravský kraj|Víno|Platný dokument
54|PAVLOVICKÉ OHNIVÉ|01.02.1974|Okres Břeclav, Jihomoravský kraj|Víno|Platný dokument
55|PEZINSKÉ ZÁMOCKÉ|01.02.1974|SR, okres Bratislava-venkov, Západoslovenský kraj|Víno|Platný dokument
56|PRAŽSKÝ VÝBĚR|01.02.1974|město Praha|Víno|Platný dokument
57|SKALICKÝ RUBÍN|01.02.1974|SR, Bratislava město, Západoslovenský kraj|Víno|Platný dokument
58|SLOVÁCKÝ RUBÍN|01.02.1974|okres Hodonín, Jihomoravský kraj|Víno|Platný dokument
59|SVÄTOJURSKÝ MUŠKÁTEL|01.02.1974|SR, okres Bratislava-venkov, Západoslovenský kraj|Víno|Platný dokument
60|SMÍCHOVSKÉ PIVO|01.02.1974|Obvod Praha 5-Smíchov|Pivo|Platný dokument
61|SMÍCHOVSKÝ STAROPRAMEN|01.02.1974|Obvod Praha 5 -Smíchov|Pivo|Platný dokument
62|VELKOPOPOVICKÝ SVĚTLÝ LEŽÁK|01.02.1974|Okres Velké Popovice, Středočeský kraj|Pivo|Platný dokument
63|PLZEŇ|01.02.1974|město Plzeň|Pivo|Platný dokument
64|PLZEŇSKÉ PIVO|01.02.1974|město Plzeň|Pivo|Platný dokument
65|PLZEŇSKÝ PRAZDROJ|01.02.1974|město Plzeň|Pivo|Zrušený dokument
66|ČESKOBUDĚJOVICKÉ PIVO|01.02.1974|Místo výroby, zpracování a přípravy výrobku je vymezeno zeměpisným územím, v němž lze čerpat vodu z podzemního jezera Českobudějovické pánve, vyznačeném na mapě přiložené ke specifikaci. Pěstební oblastí žateckého chmele je Žatecká oblast vymezená katastrálními územími obcí v okresech Chomutov, Kladno, Louny, Plzeň - sever, Rakovník, Rokycany. Její hranice jsou vyznačeny na mapě přiložené ke specifikaci. Pěstební oblast sladovnického ječmene se nachází v regionu Moravy vyznačeném na mapě přiložené ke specifikaci.|Pivo|Platný dokument
67|BUDĚJOVICKÉ PIVO|01.02.1974|Místo výroby, zpracování a přípravy výrobku je vymezeno zeměpisným územím, v němž lze čerpat vodu z podzemního jezera Českobudějovické pánve. Mapa s vyznačeným územím byla přiložena ke specifikaci. Pěstební oblasti českého chmele jsou: oblast žatecká, oblast úštěcká, oblast tršická. Mapa s vyznačeným územím byla přiložena ke specifikaci. Pěstební oblasti ječmene se nachází na Moravě a v Jižních Čechách v regionech vyznačených na mapě přiložené ke specifikaci.|Pivo|Platný dokument
69|BUDĚJOVICKÉ PIVO - BUDVAR|01.02.1974|Oblast města České Budějovice|Pivo|Platný dokument
70|BUDĚJOVICKÝ BUDVAR|01.02.1974|Oblast města České Budějovice|Pivo|Platný dokument
71|ČESKOSLOVENSKÝ SLAD|01.02.1974|Československá socialistická republika|Slad|Zrušený dokument
72|ČESKÝ SLAD|01.02.1974|Čechy a Morava|Slad|Platný dokument
73|SLOVENSKÝ SLAD|01.02.1974|SR, Slovensko|Slad|Platný dokument
74|TOKAJSKÉ VÍNO ZO SLOVENSKEJ OBLASTI|01.02.1974|SR, Tokajská oblast, Východoslovenský kraj|Víno|Platný dokument
75|VALAŠSKOMEZIŘÍČSKÝ GOBELIN|01.02.1974|oblast Valašské Meziříčí, okres Vsetín|Gobeliny|Platný dokument
76|JINDŘICHOHRADECKÝ GOBELIN|01.02.1974|Oblast Jindřichův Hradec, okres Jindřichův Hradec|Gobeliny|Platný dokument
77|ŽATECKÝ CHMEL - ČESKÝ|01.02.1974|Žatecká chmelařská oblast dle zákona č. 97/1996 Sb. ve znění novel a navazujících právních předpisů.|Chmel|Platný dokument
78|ÚŠTĚCKÝ CHMEL - ČESKÝ|01.02.1974|Úštěcká chmelařská oblast dle zákona č. 97/1996 Sb. ve znění novel a navazujících právních předpisů.|Chmel|Platný dokument
79|TRŠICKÝ CHMEL - MORAVSKÝ|01.02.1974|Tršická chmelařská oblast dle zákona č. 97/1996 Sb. ve znění novel a navazujících předpisů.|Chmel|Platný dokument
80|MALÍNSKÝ KŘEN|01.02.1974|Oblast míst Malín, Hlízov a Nové Dvory, okres Kutná Hora, Středočeský kraj|Křen|Platný dokument
81|TŘEBOŇSKÝ KAPR|01.02.1974|Rybníky, nacházející se v Třeboňské pánvi v chráněné krajinné oblasti Třeboňsko a tvořící soustavu rybníků, která je propojena Zlatou stokou a vodotečemi s ní spojenými.|čerstvé ryby a výrobky z nich|Platný dokument
95|KARLOVARSKÁ HOŘKÁ|01.02.1974|Okres Karlovy Vary - Západočeský kraj|Lihovina|Platný dokument
96|PROSTĚJOVSKÁ STAROREŽNÁ|01.02.1974|Okres Prostějov, Jihomoravský kraj|Lihoviny|Platný dokument
97|PREŠOVSKÁ JODIDOVANÁ KÚPELNÁ SOL||28.01.1975|SR, Východoslovenský kraj, Prešov|Jodidovaná kúpelná sol||Platný dokument
98|SLOVENSKÝ MAGNEZIT|01.02.1974|SR, Juhovýchodné Slovensko, v pruhu ložísk tiahnucich sa cez Lovinobaňu, Hačavu, Lubeník, Jelšavu a Košice.|Pálený neupravený magnezit, zásadité tvarové prvky, tehliarsky slinok, oceliarsky slinok, olejovaný oceliarsky slinok.|Platný dokument
100|SEDLECKÝ KAOLIN|01.02.1974|Oblast vymezená na jihu tokem řeky Ohře, na severu státní hranicí, probíhající po hřebenu Krušných hor, na západě spojnicí míst Sokolov - Lipnice a na východě spojnicí míst Ostrov - Kyselka.|Plavený kaolin|Platný dokument
101|BANSKOBELANSKÝ DINAS|01.02.1974|SR, Místo Banská Belá pri Banskej Štiavnici, okres Žiar nad Hronom|Dinasové zrnité hmoty a dinasové tvarové stativá|Platný dokument
103|ČESKÝ GRANÁT|01.02.1974|Město Turnov, okres Semily, Východočeský kraj|Přírodní granáty, šperky a předměty vyrobené s použitím českých granátů|Platný dokument
104|ČESKÝ GRANÁTOVÝ ŠPERK|01.02.1974|Město Turnov, okres Semily, Východočeský kraj|Šperky a jiné předměty vyrobené s použitím českých granátů|Platný dokument
105|VAMBERECKÁ KRAJKA|28.12.1974|Okresy Rychnov nad Kněžnou, Ústí nad Orlicí a Náchod - Východočeský kraj|Ručně paličkované krajky|Platný dokument
109|CHAMOMILLA BOHEMICA|21.01.1975|Obec Hejná - okres Klatovy, obec Horní Kruty - okres Kolín, město Slatiňany - okres Chrudim.|Květ Heřmánku pravého - flos Chamomillae vulgaris|Platný dokument
110|FLEKOVSKÉ PIVO|04.03.1975|Pivovar U Fleků, Praha 1, Křemencova 9 a 11|Pivo tmavé 13 stupňové|Platný dokument
111|BRÁNICKÉ PIVO|04.03.1975|Praha - Braník|Pivo světlé 7, 10, 12, stupňové|Platný dokument
112|PIVO PRAŽANKA|04.03.1975|Praha - Holešovice|Pivo tmavé 10 stupňové|Platný dokument
113|PIVO PRAŽAN|04.03.1975|Praha - Holešovice|Pivo světlé 7, 10, 12 stupňové|Platný dokument
114|BUD|25.02.1975|České Budějovice|Pivo|Platný dokument
115|MODRANSKÁ MAJOLIKA|12.03.1975|SR, Modra, okres Bratislava - vidiek, Západoslovenský kraj|Ručne mal'ovaná majolika typickým l'udovým ornamentom.|Platný dokument
116|BOHEMIA SEKT ROSÉ|24.03.1975|Starý Plzenec, okres Plzeň - jih, kraj Západočeský|Šumivé víno|Platný dokument
117|BOHEMIA SEKT|24.03.1975|Starý Plzenec, okres Plzeň - jih, kraj Západočeský|Šumivé víno|Platný dokument
119|URPÍN|27.12.1975|SR, mesto Bánská Bystrica, Stredoslovenský kraj|12 stupňové svetlé pivo fl'aškové a sudové - ležiak|Platný dokument
120|MARTINSKÝ ZDROJ|18.02.1976|SR, mesto Martin, okres Martin, Stredoslovenský kraj|12 stupňové svetlé pivo fl'aškové a sudové - ležiak|Platný dokument
121|GEMER|27.12.1975|SR, mesto Rimavská Sobota, okres Rimavská Sobota, Stredoslovenský kraj|12 stupňové svetlé pivo fl'aškové a sudové - ležiak|Platný dokument
122|BRATISLAVSKÝ LEŽIAK|08.03.1976|SR, Slovensko, Západoslovenský kraj, Bratislava|12 stupňové svetlé pivo fl'ašové a sudové - ležiak|Platný dokument
123|NITRIANSKY LEŽIAK|08.03.1976|SR, Slovensko, Západoslovenský kraj, mesto Nitra|12 stupňové svetlé pivo fl|ašové|Platný dokument
124|ŠARIŠSKÉ PIVO|18.02.1976|SR, Východoslovenský kraj, zem. oblasť Šariš|8,10,12,14 st. svetlé a 16 st. tmavé pivo flaškové a sudové.|Platný dokument
125|BRATISLAVSKÉ HRADNÉ|01.06.1976|SR, vinohradnícka oblasť malokarpatská|Biele hroznové víno|Platný dokument
126|POSONIUM|01.06.1976|SR, vinohradnícka oblasť malokarpatská|Biele hroznové víno|Platný dokument
127|RAČIANSKÁ FRANKOVKA|01.06.1976|SR, vinohradnícka oblasť malokarpatská|Červené hroznové víno|Platný dokument
128|RAČIANSKY VÝBER|01.06.1976|SR, vinohradnícka oblasť malokarpatská|Biele hroznové víno|Platný dokument
129|MODRANSKÉ KRÁLOVSKÉ|01.06.1976|SR, malokarpatská vinohradnícka oblasť|Biele hroznové víno|Platný dokument
130|MODRANSKÁ ZLATÁ PERLA|01.06.1976|SR, vinohradnícka oblasť malokarpatská|Biele hroznové víno|Platný dokument
131|OREŠANSKÉ ČERVENÉ|01.06.1976|SR, vinohradnícka oblasť malokarpatská|Červené hroznové víno|Platný dokument
132|PEZINSKÉ KLÁŠTORNÉ|01.06.1976|SR, vinohradnícka oblasť malokarpatská|Biele hroznové víno|Platný dokument
133|KARPATSKÉ BRANDY|01.06.1976|SR, vinohradnícka oblasť malokarpatská|Značková rezaná vínovica, vyrobená zo slovenských vín v pálenici závodu Pezinok.|Platný dokument
134|JUŽNOSLOVENSKÝ VÝBER|01.06.1976|SR, vinohradnícka oblasť podunajská|Biele hroznové víno|Platný dokument
135|ČERMANSKÉ ČERVENÉ|01.06.1976|SR, vinohradnícka oblasť nitrianská|Červené hroznové víno|Platný dokument
136|NITRIANSKÉ HRADNÉ|01.06.1976|SR, vinohradnícka oblasť nitrianská|Biele hroznové víno|Platný dokument
137|SVÄTOPETERSKÝ RIZLING|01.06.1976|SR, vinohradnícka oblasť podunajská|Biele hroznové víno|Platný dokument
138|ZOBORSKÉ ZLATO|01.06.1976|SR, vinohradnícka oblasť nitrianská|Biele hroznové víno|Platný dokument
139|CASSOVIA|01.06.1976|SR, vinohradnícka oblasť východoslovenská|Biele hroznové víno|Platný dokument
140|ČARO ZEMPLÍNA|01.06.1976|SR, vinohradnícka oblasť východoslovenská|Biele hroznové víno|Platný dokument
141|IPEĽSKÉ TAJOMSTVO|01.06.1976|SR, vinohradnícka oblasť modrokameňská|Biele hroznové víno|Platný dokument
142|KOŠICKÝ POKLAD|01.06.1976|SR, vinohradnícka oblasť východoslovenská|Biele hroznové víno|Platný dokument
143|MODROKAMEŇSKÝ KRIŠTÁL|01.06.1976|SR, vinohradnícka oblasť modrokameňská|Biele hroznové víno|Platný dokument
144|ŠÍRAVA|01.06.1976|SR, vinohradnícka oblasť východoslovenská|Biele hroznové víno|Platný dokument
145|VINIANSKY STRAPEC|01.06.1976|SR, vinohradnícka oblasť východoslovenská|Biele hroznové víno|Platný dokument
146|SLOVENSKÉ HROZNO|01.06.1976|SR|Biele hroznové víno|Platný dokument
147|POZDIŠOVSKÁ KERAMIKA|30.09.1976|SR, Pozdišovce pri Michalovciach|Ozdobná, úžitková a figurálna keramika|Platný dokument
148|KUNŠTÁTSKÁ KERAMIKA|28.02.1977|Kunštát|Užitková a dekorativní keramika - kompletní jídelní a nápojové soupravy i jednotlivé předměty. Figurální, plošná a plastická keramická tvorba.|Platný dokument
149|MUTĚNICKÝ VÝBĚR|10.05.1977|Jihomoravský kraj, okres Hodonín, Mutěnice|Prírodné biele víno|Platný dokument
150|MUTĚNICKÝ GRANÁT|10.05.1977|Jihomoravský kraj, okres Hodonín, Mutěnice|Prírodné červené víno|Platný dokument
151|NOŠOVICKÉ PIVO - světlé|28.07.1977|Severomoravský kraj, okres Frýdek - Místek a přilehlé obce sousedících okresů|Pivo stupňovitost 10 a 12|Platný dokument
152|PŘEROVSKÉ PIVO - světlé|28.07.1977|Severomoravský kraj, Přerov|Pivo stupňovitost 8, 10, 12, 14|Platný dokument
153|OSTRAVSKÉ PIVO - světlé|28.07.1977|Severomoravský kraj, Ostrava|Pivo stupňovitost 8, 10, 12, 14, a 16.|Platný dokument
154|VRATISLAVICKÉ PIVO|30.06.1977|kraj Severočeský|Pivo 7, 10, 12 a tmavé pivo 12 stupňové|Platný dokument
155|LOUNSKÉ PIVO|30.06.1977|Severočeský kraj|Světlé pivo 7, 10, 12 stupňové|Platný dokument
157|TATRAN - POPRADSKÉ PIVO|30.06.1978|SR, Slovenská republika, Východoslovenský kraj, Poprad - Tatry|Svetlé pivo flaškové a sudové 8,10,11,12 stupňové, diabetické pivo, nealkoholické pivo, tmavé flaškové a sudové pivo 11 a 16 stupňové.|Platný dokument
160|BALDOVSKÁ MINERÁLNA VODA|22.12.1979|SR, Slovenská republika, Východoslovenský kraj, Baldovce, okres Spišská Nová Ves|Baldovská minerálna voda|Platný dokument
161|LIPOVSKÁ MINERÁLNA VODA SALVATOR|22.12.1979|SR, Východoslovenský kraj, Lipovce, okres Prešov|Lipovská minerálna voda SALVATOR|Platný dokument
162|CÍGEĽSKÁ MINERÁLNA VODA|22.12.1979|SR, Východoslovenský kraj, Cígeľka, okres Bardejov|Cígeľská minerálna voda|Platný dokument
163|KORYTNICKÁ MINERÁLNA VODA|22.12.1979|SR, Stredoslovenský kraj, okres Liptovský Mikuláš, obec Liptovská Osada, časť Korytnica-kúpele.|Korytnická minerálna voda|Platný dokument
164|BUDIŠSKÁ MINERÁLNA VODA|22.12.1979|SR, Stredoslovenský kraj, Budiš, okres Martin|Budišská minerálna voda|Platný dokument
165|MARTINSKÁ MINERÁLNA VODA FATRA|22.12.1979|SR, Stredoslovenský kraj, mesto Martin v okrese Martin|Martinská minerálna voda FATRA|Platný dokument
166|SANTOVSKÁ MINERÁLNA VODA|22.12.1979|SR, Západoslovenský kraj, Santovka, okres Levice|Santovská minerálna voda|Platný dokument
167|SLATINSKÁ MINERÁLNA VODA|22.12.1979|SR, Západoslovenský kraj, Slatina, okres Levice|Slatinská minerálna voda|Platný dokument
169|HLOHOVSKÉ|22.11.1982|SR, vinohradnícka oblasť hlohovecko-trnavská|Biele hroznové víno|Platný dokument
170|MODRANSKÉ|22.11.1982|SR, vinohradnícka oblasť malokarpatská|Biele hroznové víno|Platný dokument
171|LEVICKÁ FRANKOVKA|22.11.1982|SR, vinohradnícka oblasť nitrianská|Červené hroznové víno|Platný dokument
172|NITRIANSKE KNIEŽA|22.11.1982|SR, vinohradnícka oblasť nitrianská|Biele hroznové víno|Platný dokument
173|NOVOZÁMOCKÉ|22.11.1982|SR, vinohradnícka oblasť nitrianská|Biele hroznové víno|Platný dokument
174|PESECKÉ DIEVČIE HROZNO|22.11.1982|SR, vinohradnícka oblasť nitrianská|Biele hroznové víno|Platný dokument
175|NOVOHRADSKÉ DIEVČA|22.11.1982|SR, vinohradnícka oblasť modrokameňská|Biele hroznové víno|Platný dokument
176|SOBRANECKÁ SL'ŇAVA|22.11.1982|SR, vinohradnícka oblasť východoslovenská|Biele hroznové víno|Platný dokument
177|BŘEZNICKÝ LEŽÁK|02.04.1984|Město Březnice ve Středočeském kraji, 70 km jižně od Prahy|Pivo|Platný dokument
178|RAKOVNÍK|02.04.1984|Okres Rakovník, Středočeský kraj|Pivo|Platný dokument
179|VYSOKOCHLUMECKÝ LEŽÁK|02.04.1984|Okres Příbram, Středočeský kraj|Pivo|Platný dokument
180|VYSOKOCHLUMECKÝ LEŽÁK TMAVÝ|02.04.1984|Okres Příbram, Středočeský kraj|Pivo|Platný dokument
184|BUDĚJOVICKÝ MĚŠŤANSKÝ VAR|20.02.1992|Oblast pěstování sladovnických jarních ječmenů pro výrobu světlých sladů jsou geograficky jižní Čechy a tato oblast je vymezena na mapě přiložené ke specifikaci. Oblast pěstování sladovnických jarních ječmenů pro výrobu barevných sladů jsou geograficky jižní Čechy a jižní Morava a tyto oblasti jsou vyznačeny na mapách přiložených ke specifikaci. Pěstební oblasti chmele jsou oblast žatecká,oblast úštěcká,oblast tršická. Tyto oblasti jsou vymezeny na mapě přiložené ke specifikaci. Hraničními obcemi žatecké oblasti jsou Louny, Klobuky, Zlonice, Řevničov, Rakovník, Čistá u Rakovníka, Lubenec, Krásný Dvůr, Žatec, Lenešice. Hraničními obcemi úštěcké oblasti jsou Zahrádky u České Lípy, Želízy, Nelahozeves, Libochovice, Lovosice, Úštěk.Hraničními obcemi tršické oblasti jsou Olomouc, Lipník nad Bečvou, Přerov, Brodek u Přerova, Náměšť na Hané. Oblast čerpání varní vody, uchovávání a kultivace pivovarských kvasnic, výroby sladu, vaření, zpracování a přípravy piva je vymezena geografickým uzemím Českých Budějovic, vyznačeným na mapě přiložené ke specifikaci.|pivo|Platný dokument
185|RATÍŠKOVICKÉ VÍNO|31.12.1992|Ratíškovická oblast vymezená katastrálním územím obcí Milotice, Vacenovice, Ratíškovice a města Dubňany|víno révové|Platný dokument
186|HOŘICKÉ TRUBIČKY|14.07.1994|Katastr města Hořice s přilehlými obcemi.|Trvanlivé pečivo - oplatky|Platný dokument
187|PIEŠŤANSKE KÚPEĽNE OBLÁTKY|31.12.1992|SR, mesto Piešťany|Kúpeľne oblátky|Platný dokument
188|VELKOPOPOVICKÝ KOZEL|27.06.1994|Velké Popovice|pivo|Platný dokument
190|BENEŠOVSKÉ PIVO|28.06.1994|Město Benešov ve středočeském kraji|pivo|Platný dokument
191|SEDLČANSKÝ HERMELÍN|20.10.1993|Město Sedlčany|(FR) Fromage|Platný dokument
192|BRNO|16.11.1993|Město Brno|Střelné zbraně|Platný dokument
193|BĚLOVESKÁ KYSELKA IDA|10.05.1995|Běloves okres Náchod|Přírodní minerální vody|Platný dokument
194|NOVOHRADSKÁ PŘÍRODNÍ MINERÁLNÍ DOBRÁ VODA|02.04.1997|podzemní zdroj HV 5 Dobrá voda v Byňově, obec Nové Hrady, okres České Budějovice|(FR) Eau naturelle minérale, Eau naturelle minérale gazeuse|Platný dokument
195|SOKOLOVSKÉ BRIKETY|27.11.1995|Sokolovský hnědouhelný revír, okres Sokolov|Uhelné brikety|Platný dokument
197|SOKOLOVSKÉ UHELNÉ BRIKETY|27.11.1995|Sokolovský hnědouhelný revír, okres Sokolov|Uhelné brikety|Platný dokument
198|KRUŠOVICKÝ LEŽÁK|21.05.1996|obec Krušovice|vícestupňové pivo|Platný dokument
199|KRUŠOVICE|21.05.1996|obec Krušovice|pivo|Platný dokument
200|KRUŠOVICKÉ PIVO|21.05.1996|obec Krušovice|pivo|Platný dokument
201|VODŇANSKÁ KACHNA|20.11.1997|Vodňanská pánev - od obce Čkyně, zasahuje část Prachaticka, kolem Netolic, Protivína a Písku na levý přeh řeky Otavy, za obcí Březnice přes Kasejovice do oblasti Strakonicka a Volyňska.|Drůbež a výrobky z ní|Platný dokument
202|CHODSKÁ KERAMIKA|28.03.1996|Jihozápadní Čechy|Užitková, umělecká a dekorativní keramika - zejména jídelní soupravy, čajové soupravy, kávové soupravy, vázy, džbány, košíky, květináče, kořenky, svícny, zvonky, talíře, miniatury a pod.|Platný dokument
203|ŠOBES|30.04.1998|Vinice Šobes, která se nalézá v katastru obce Podmolí. Leží 12 km západně od Znojma na jižním cípu Českomoravské vrchoviny a navazující Vranovské pahorkatiny|Vína|Platný dokument
204|ŠOBESKÉ VÍNO|30.04.1998|Vinice Šobes, která se nalézá v katastru obce Podmolí. Leží 12 km západně od Znojma na jižním cípu Českomoravské vrchoviny a navazující Vranovské pahorkatiny.|Vína|Platný dokument
205|Korytnica|15.02.2000|Slovenská republika - Korytnica|Minerální a stolní vody.|Platný dokument
206|Korytnická|15.02.2000|Slovenská republika - Korytnica|Minerální a stolní vody.|Platný dokument
207|Karlovarské trojhránky|11.02.2000|Katastr lázeňského města Karlovy Vary|Trvanlivé pečivo - oplatky, trojhránky|Platný dokument
208|Karlovarské trubičky|11.02.2000|Česká republika, Karlovy Vary - město, okres Karlovy Vary|(FR) Gaufres en forme de cornets, fourrées ou non.|Platný dokument
209|KRUŠOVICKÉ PIVO|false|Česká republika, Krušovice|pivo|Negativně ukončená po podání
210|ŠTRAMBERSKÉ UŠI|27.06.2000|Katastr města Štramberk a jeho nejbližší okolí, jak je vyznačeno na přiložené mapě.|Pekařský výrobek|Platný dokument
211|PIRKENHAMMER|27.09.2001|Březová u Karlových Varů (německý ekvivalent: Pirkenhammer)|porcelán užitný, ozdobný i figurální|Platný dokument
212|KARLOVARSKÉ LÁZEŇSKÉ OPLATKY|29.03.2002|Okres Karlovy Vary, oblast západočeských lázní|Oplatky|Platný dokument
213|KARLOVARSKÁ PŘÍRODNÍ SŮL|22.02.2002|Zřídelní oblast města Karlovy Vary|přírodní sůl|Platný dokument
214|VINOHRADSKÝ PEŠKOVSKÝ GULÁŠ|false|Praha 2, místní část Vinohrady|guláš|Negativně ukončená po podání
215|VŠESTARSKÁ CIBULE|14.02.2002|Katastr a okolí obce Všestary, zahrnující katastrální území obcí Bříza, Rosnice, Světí, Rozběřice, Neděliště, Sendražice, Máslojedy, Čístěves, Horní Dohnalice, Střezetice a Probluz v Královéhradeckémý kraji, Česká republika.|cibule|Platný dokument
216|VŠESTARSKÁ MRKEV|14.02.2002|Česká republika, okres Hradec Králové|mrkev|Platný dokument
217|VELKOBÍLOVICKÉ VÍNO|06.11.2001|katastr obce Velké Bílovice (Jihomoravský kraj - Česká republika)|vína, cuvée vín|Platný dokument
218|NOŠOVICKÉ KYSANÉ ZELÍ|01.02.2002|Oblast v okolí obcí Nošovice a Nižní Lhoty, okres Frýdek-Místek, Moravskoslezský kraj. Oblast je ohraničena obcemi Nošovice, Nižní Lhoty, Vyšní Lhoty, Kamenité, Dobratice, Dolní Tošanovice, Dolní Domaslavice, Kocurovice, Pazderna, Dobrá, včetně těchto obcí.|Kysané zelí|Platný dokument
219|BRNĚNSKÉ PIVO|14.02.2002|okres Brno venkov|Pivo|Platný dokument
220|ČESKÝ MED|12.02.2002|Česká republika|med|Platný dokument
221|STAROBRNĚNSKÉ PIVO|28.05.2002|okres Brno město|pivo|Platný dokument
222|ZNOJEMSKÉ PIVO|10.06.2002|okres Znojmo|Pivo|Platný dokument
223|MARIÁNSKOLÁZEŇSKÝ KAPR|22.10.2002|Karlovarský kraj|Kapr obecný - linie Mariánskolázeňská|Platný dokument
224|POHOŘELICKÝ KAPR|22.10.2002|Okresy Břeclav a Znojmo v Jihomoravském kraji|Ryby čerstvé a výrobky z nich|Platný dokument
225|VYSOČINA|07.11.2002|Uzení a sušení probíhá v zeměpisné oblasti Českomoravské vrchoviny v jejím územním jádru charakterizovaném okolím měst Jihlava, Třešť, Telč, Pelhřimov, které odpovídá území Jihlavských vrchů.|Trvanlivý masný výrobek tepelně opracovaný (salám)|Zrušený dokument
226|ČERNÁ HORA|22.10.2002|obec Černá Hora v Jihomoravském kraji; obec Opava v Moravskoslezském kraji|Nápoje vyrobené z rostlinných výtažků - limonády|Platný dokument
227|ČERNÁ HORA|22.10.2002|obec Černá Hora v Jihomoravském kraji|Pivo|Platný dokument
228|ČERNOHORSKÉ PIVO|22.10.2002|obec Černá Hora, okres Blansko, Česká republika|Pivo|Platný dokument
229|ČESKÝ KMÍN|11.11.2002|Česká republika, na půdách hlinitopísčitých a písčitohlinitých s obsahem jílu 10-30%, s různou příměsí štěrku. Podle půdní klasifikace jsou to hnědé půdy eutrofní, hnědé půdy se surovými půdami, hnědé půdy s podzoly na terasových uloženinách, hnědé půdy kyselé, hnědé půdy silně kyselé.|Kmín kořenný (Carum carvi L.) - plod|Platný dokument
230|CHODSKÉ PIVO|21.11.2002|Geograficky historické Chodsko se nachází na území dnešního Plzeňského kraje po celé délce hranice s Bavorskem - od Všerubského průsmyku po Dyleň na území pohoří Českého lesa a Podčeskoleské pahorkatiny.|Pivo|Platný dokument
231|BAVOROVSKÉ JAHODY|27.11.2002|Katastr města Bavorov v okrese Strakonice, Česká republika|Plody a sadba jahod v ČR povolených odrůd|Platný dokument
232|CHELČICKO - LHENICKÉ OVOCE|20.11.2002|Sady se rozprostírají ve dvou kouzelných částech Podšumaví, v Bavorovské kotlině – Chelčicko a v podhůří Blanského lesa – Lhenicko. CHELČICKO - LHENICKÉ OVOCE se pěstuje pouze v této oblasti (Česká republika, Jihočeský kraj, okresy Strakonice a Prachatice). V regionech jsou tyto obce: Chelčicko (Truskovice, Libějovice, Vodňany, Krtely, Malovice, Bavorov, Tourov), Lhenicko (Lhenice, Vadkov, Mičovice, Jáma, Hoříkovice, Třebanice, Hrbov, Vodice, Třešňový Újezdec, Horní Chrášťany, Dolní Chrášťany, Ratiborova Lhota).|Ovoce - jádroviny a peckoviny, drobné ovoce a výrobky z něj|Platný dokument
233|HORNO-MOŠTĚNICKÁ PŘÍRODNÍ MINERÁLNÍ VODA|14.02.2003|Okres Přerov - zřídelní oblast obcí Horní Moštěnice a Brodek u Přerova|Přírodní minerální voda, minerální voda ochucená|Platný dokument
234|ZDOUNECKÉ MRAŽENÉ KRÉMY|false|Zdounky u Kroměříže|Mražené krémy, vodové zmrzliny.|Negativně ukončená po podání
235|TRADIČNÍ ČESKÉ PIVO|false|Česká republika|pivo|Negativně ukončená po podání
236|MORAVSKÝ BLOK|false|false|přírodní tvrdý sýr|Negativně ukončená po podání
237|MORAVSKÝ BOCHNÍK|false|false|přírodní tvrdý sýr|Negativně ukončená po podání
238|TRADIČNÍ ČESKÉ PIVO|false|Česká republika|pivo|Negativně ukončená po podání
239|JIHOČESKÁ NIVA|30.04.2004|Jihočeský kraj|sýr s plísní uvnitř hmoty|Platný dokument
240|JIHOČESKÁ ZLATÁ NIVA|30.04.2004|Jihočeský kraj|sýr s plísní uvnitř hmoty|Platný dokument
241|ČESKÉ PIVO|false|Na jihozápadní straně je vymezené území ohraničeno Chebskou pánví, dále Českým lesem, Šumavským podhůřím, Blanským lesem a Novohradským podhůřím. Na jižní straně je území vymezeno Třeboňskou pánví, jižním okrajem Českomoravské vrchoviny a řekami Dyje a Morava až po město Hodonín. Jihovýchodní stranu vymezeného území tvoří západní a severní hranice Chráněné krajinné oblasti Bílé Karpaty. Východní strana vymezeného území je tvořena západní, severní a severovýchodní hranicí Chráněné krajinné oblasti Beskydy. Na západní straně je vymezené území ohraničeno tokem řeky Ohře, Mosteckou pánví a tokem řeky Labe až do Děčína. Severozápadní hranici vymezeného území tvoří řeky Ploučnice a Kamenice a Lužické hory. Severní hranici vymezeného území tvoří Liberecká kotlina, jižní svahy Krkonoš, Broumovské mezihoří a jižní svahy Orlických hor. Severovýchodní hranici vymezeného území tvoří pohoří Králického Sněžníku, Rychlebských hor a Zlatohorské vrchoviny, řeka Opavice až po ústí do řeky Opavy, řeka Opava až po ústí do řeky Odry, řeka Odra až po soutok s řekou Olší, řeka Olše až po soutok s řekou Lomnou, řeka Lomná až po hranici Chráněné krajinné oblasti Beskydy.|pivo|Platný dokument
242|LOMNICKÉ SUCHARY|29.04.2004|Okres Semily, jehož součástí jsou města Lomnice nad Popelkou, Vysoké nad Jizerou, Jablonec nad Jizerou|suchary|Platný dokument
246|Blaťácké zlato|false|jihočeský kraj|sýr|Negativně ukončená po podání
247|Moravská paštika|false|EU|paštika|Negativně ukončená po podání
248|Slovácká paštika|false|EU|paštika|Negativně ukončená po podání
250|Vizovické pečivo|30.06.2009|Zlínský kraj s okresy (oblastmi) - Kroměřížsko, Vsetínsko, Zlínsko a Uherskohradišťsko|Dekorativní nejedlé pečivo|Platný dokument
251|Novosedelské Slámové víno|06.04.2010|Novosedly a katastr této obce|víno|Platný dokument
254|Valašský frgál|false|Valašsko – zeměpisná oblast vymezená katastrálním územím obcí, které tvoří vnější hranici vymezeného území. Zeměpisnou oblast (po obvodu území) tedy vymezují katastrální území těchto obcí: Velké Karlovice, Horní Bečva, Čeladná, Kunčice pod Ondřejníkem, Kozlovice, Měrkovice, Tichá, Vlčovice, Kopřivnice, Štramberk, Lichnov, Veřovice, Mořkov, Hodslavice, Straník, Kojetín, Loučka, Bernartice, Hůrka, Starojická Lhota, Vysoká, Hustopeče, Milotice, Špičky, Skalička, Horní Těšice, Rouské, Všechovice, Provodovice, Komárno, Podhradní Lhota, Rajnochovice, Držková, Rusava, Lukoveček, Fryšták, Mladcová, Zlín – Prštné, Zlín – Jaroslavice, Březnice, Želechovice, Lípa, Zádveřice, Vizovice, Slopné, Haluzice, Vlachovice, Vrbětice, Popov, Jestřabí, Štítná nad Vláří, Bylnice, Brumov, Nedašov, Nedašova Lhota, Študlov, Střelná, Francova Lhota, Valašská Senice, Hovězí, Halenkov, Nový Hrozenkov.|Pečivo - koláč z kynutého těsta|Platný dokument
257|Sněžník produkt|false|Kralický Sněžník|zemědělské produkty, potraviny, hotelové služby.|Negativně ukončená po podání
260|Brambory z Vysočiny|false|Kraj Vysočina|Brambory, vypěstované v kraji Vysočina a výrobky z nich|Negativně ukončená po podání
261|Vizovická slivovice|false|Zeměpisná oblast je totožná s územím Vizovice, tak jak je vymezeno ke dni 21.8.2013.|Vizovická slivovice - alkoholický nápoj (ovocný destilát)|Podaná
262|Benešovské pivo|false|Benešovsko ve Středočeském kraji|Pivo|Podaná
263|Český modrý mák|false|Česká republika|Skupina 1.8, mák setý modrosemenný olejového typu - semeno, (Papaver somniferum L.), jednoletá forma|Podaná
264|Mikulovské levandulové víno (Mikulov lavender wine)|false|Česká republika|aromatizované víno|Podaná