DateKey,FullDateKey,DayNumberInWeek,DayName,DayNumber,MonthNumber,YearNumber,WeekNumber,DayWeekType
1,01.01.2014,3,Wednesday,1,1,2014,1,workday
2,02.01.2014,4,Thursday,2,1,2014,1,workday
3,03.01.2014,5,Friday,3,1,2014,1,workday
4,04.01.2014,6,Saturday,4,1,2014,1,weekend
5,05.01.2014,7,Sunday,5,1,2014,1,weekend
6,06.01.2014,1,Monday,6,1,2014,2,workday
7,07.01.2014,2,Tuesday,7,1,2014,2,workday
8,08.01.2014,3,Wednesday,8,1,2014,2,workday
9,09.01.2014,4,Thursday,9,1,2014,2,workday
10,10.01.2014,5,Friday,10,1,2014,2,workday
11,11.01.2014,6,Saturday,11,1,2014,2,weekend
12,12.01.2014,7,Sunday,12,1,2014,2,weekend
13,13.01.2014,1,Monday,13,1,2014,3,workday
14,14.01.2014,2,Tuesday,14,1,2014,3,workday
15,15.01.2014,3,Wednesday,15,1,2014,3,workday
16,16.01.2014,4,Thursday,16,1,2014,3,workday
17,17.01.2014,5,Friday,17,1,2014,3,workday
18,18.01.2014,6,Saturday,18,1,2014,3,weekend
19,19.01.2014,7,Sunday,19,1,2014,3,weekend
20,20.01.2014,1,Monday,20,1,2014,4,workday
21,21.01.2014,2,Tuesday,21,1,2014,4,workday
22,22.01.2014,3,Wednesday,22,1,2014,4,workday
23,23.01.2014,4,Thursday,23,1,2014,4,workday
24,24.01.2014,5,Friday,24,1,2014,4,workday
25,25.01.2014,6,Saturday,25,1,2014,4,weekend
26,26.01.2014,7,Sunday,26,1,2014,4,weekend
27,27.01.2014,1,Monday,27,1,2014,5,workday
28,28.01.2014,2,Tuesday,28,1,2014,5,workday
29,29.01.2014,3,Wednesday,29,1,2014,5,workday
30,30.01.2014,4,Thursday,30,1,2014,5,workday
31,31.01.2014,5,Friday,31,1,2014,5,workday
32,01.02.2014,6,Saturday,1,2,2014,5,weekend
33,02.02.2014,7,Sunday,2,2,2014,5,weekend
34,03.02.2014,1,Monday,3,2,2014,6,workday
35,04.02.2014,2,Tuesday,4,2,2014,6,workday
36,05.02.2014,3,Wednesday,5,2,2014,6,workday
37,06.02.2014,4,Thursday,6,2,2014,6,workday
38,07.02.2014,5,Friday,7,2,2014,6,workday
39,08.02.2014,6,Saturday,8,2,2014,6,weekend
40,09.02.2014,7,Sunday,9,2,2014,6,weekend
41,10.02.2014,1,Monday,10,2,2014,7,workday
42,11.02.2014,2,Tuesday,11,2,2014,7,workday
43,12.02.2014,3,Wednesday,12,2,2014,7,workday
44,13.02.2014,4,Thursday,13,2,2014,7,workday
45,14.02.2014,5,Friday,14,2,2014,7,workday
46,15.02.2014,6,Saturday,15,2,2014,7,weekend
47,16.02.2014,7,Sunday,16,2,2014,7,weekend
48,17.02.2014,1,Monday,17,2,2014,8,workday
49,18.02.2014,2,Tuesday,18,2,2014,8,workday
50,19.02.2014,3,Wednesday,19,2,2014,8,workday
51,20.02.2014,4,Thursday,20,2,2014,8,workday
52,21.02.2014,5,Friday,21,2,2014,8,workday
53,22.02.2014,6,Saturday,22,2,2014,8,weekend
54,23.02.2014,7,Sunday,23,2,2014,8,weekend
55,24.02.2014,1,Monday,24,2,2014,9,workday
56,25.02.2014,2,Tuesday,25,2,2014,9,workday
57,26.02.2014,3,Wednesday,26,2,2014,9,workday
58,27.02.2014,4,Thursday,27,2,2014,9,workday
59,28.02.2014,5,Friday,28,2,2014,9,workday
60,01.03.2014,6,Saturday,1,3,2014,9,weekend
61,02.03.2014,7,Sunday,2,3,2014,9,weekend
62,03.03.2014,1,Monday,3,3,2014,10,workday
63,04.03.2014,2,Tuesday,4,3,2014,10,workday
64,05.03.2014,3,Wednesday,5,3,2014,10,workday
65,06.03.2014,4,Thursday,6,3,2014,10,workday
66,07.03.2014,5,Friday,7,3,2014,10,workday
67,08.03.2014,6,Saturday,8,3,2014,10,weekend
68,09.03.2014,7,Sunday,9,3,2014,10,weekend
69,10.03.2014,1,Monday,10,3,2014,11,workday
70,11.03.2014,2,Tuesday,11,3,2014,11,workday
71,12.03.2014,3,Wednesday,12,3,2014,11,workday
72,13.03.2014,4,Thursday,13,3,2014,11,workday
73,14.03.2014,5,Friday,14,3,2014,11,workday
74,15.03.2014,6,Saturday,15,3,2014,11,weekend
75,16.03.2014,7,Sunday,16,3,2014,11,weekend
76,17.03.2014,1,Monday,17,3,2014,12,workday
77,18.03.2014,2,Tuesday,18,3,2014,12,workday
78,19.03.2014,3,Wednesday,19,3,2014,12,workday
79,20.03.2014,4,Thursday,20,3,2014,12,workday
80,21.03.2014,5,Friday,21,3,2014,12,workday
81,22.03.2014,6,Saturday,22,3,2014,12,weekend
82,23.03.2014,7,Sunday,23,3,2014,12,weekend
83,24.03.2014,1,Monday,24,3,2014,13,workday
84,25.03.2014,2,Tuesday,25,3,2014,13,workday
85,26.03.2014,3,Wednesday,26,3,2014,13,workday
86,27.03.2014,4,Thursday,27,3,2014,13,workday
87,28.03.2014,5,Friday,28,3,2014,13,workday
88,29.03.2014,6,Saturday,29,3,2014,13,weekend
89,30.03.2014,7,Sunday,30,3,2014,13,weekend
90,31.03.2014,1,Monday,31,3,2014,14,workday
91,01.04.2014,2,Tuesday,1,4,2014,14,workday
92,02.04.2014,3,Wednesday,2,4,2014,14,workday
93,03.04.2014,4,Thursday,3,4,2014,14,workday
94,04.04.2014,5,Friday,4,4,2014,14,workday
95,05.04.2014,6,Saturday,5,4,2014,14,weekend
96,06.04.2014,7,Sunday,6,4,2014,14,weekend
97,07.04.2014,1,Monday,7,4,2014,15,workday
98,08.04.2014,2,Tuesday,8,4,2014,15,workday
99,09.04.2014,3,Wednesday,9,4,2014,15,workday
100,10.04.2014,4,Thursday,10,4,2014,15,workday
101,11.04.2014,5,Friday,11,4,2014,15,workday
102,12.04.2014,6,Saturday,12,4,2014,15,weekend
103,13.04.2014,7,Sunday,13,4,2014,15,weekend
104,14.04.2014,1,Monday,14,4,2014,16,workday
105,15.04.2014,2,Tuesday,15,4,2014,16,workday
106,16.04.2014,3,Wednesday,16,4,2014,16,workday
107,17.04.2014,4,Thursday,17,4,2014,16,workday
108,18.04.2014,5,Friday,18,4,2014,16,workday
109,19.04.2014,6,Saturday,19,4,2014,16,weekend
110,20.04.2014,7,Sunday,20,4,2014,16,weekend
111,21.04.2014,1,Monday,21,4,2014,17,workday
112,22.04.2014,2,Tuesday,22,4,2014,17,workday
113,23.04.2014,3,Wednesday,23,4,2014,17,workday
114,24.04.2014,4,Thursday,24,4,2014,17,workday
115,25.04.2014,5,Friday,25,4,2014,17,workday
116,26.04.2014,6,Saturday,26,4,2014,17,weekend
117,27.04.2014,7,Sunday,27,4,2014,17,weekend
118,28.04.2014,1,Monday,28,4,2014,18,workday
119,29.04.2014,2,Tuesday,29,4,2014,18,workday
120,30.04.2014,3,Wednesday,30,4,2014,18,workday
121,01.05.2014,4,Thursday,1,5,2014,18,workday
122,02.05.2014,5,Friday,2,5,2014,18,workday
123,03.05.2014,6,Saturday,3,5,2014,18,weekend
124,04.05.2014,7,Sunday,4,5,2014,18,weekend
125,05.05.2014,1,Monday,5,5,2014,19,workday
126,06.05.2014,2,Tuesday,6,5,2014,19,workday
127,07.05.2014,3,Wednesday,7,5,2014,19,workday
128,08.05.2014,4,Thursday,8,5,2014,19,workday
129,09.05.2014,5,Friday,9,5,2014,19,workday
130,10.05.2014,6,Saturday,10,5,2014,19,weekend
131,11.05.2014,7,Sunday,11,5,2014,19,weekend
132,12.05.2014,1,Monday,12,5,2014,20,workday
133,13.05.2014,2,Tuesday,13,5,2014,20,workday
134,14.05.2014,3,Wednesday,14,5,2014,20,workday
135,15.05.2014,4,Thursday,15,5,2014,20,workday
136,16.05.2014,5,Friday,16,5,2014,20,workday
137,17.05.2014,6,Saturday,17,5,2014,20,weekend
138,18.05.2014,7,Sunday,18,5,2014,20,weekend
139,19.05.2014,1,Monday,19,5,2014,21,workday
140,20.05.2014,2,Tuesday,20,5,2014,21,workday
141,21.05.2014,3,Wednesday,21,5,2014,21,workday
142,22.05.2014,4,Thursday,22,5,2014,21,workday
143,23.05.2014,5,Friday,23,5,2014,21,workday
144,24.05.2014,6,Saturday,24,5,2014,21,weekend
145,25.05.2014,7,Sunday,25,5,2014,21,weekend
146,26.05.2014,1,Monday,26,5,2014,22,workday
147,27.05.2014,2,Tuesday,27,5,2014,22,workday
148,28.05.2014,3,Wednesday,28,5,2014,22,workday
149,29.05.2014,4,Thursday,29,5,2014,22,workday
150,30.05.2014,5,Friday,30,5,2014,22,workday
151,31.05.2014,6,Saturday,31,5,2014,22,weekend
152,01.06.2014,7,Sunday,1,6,2014,22,weekend
153,02.06.2014,1,Monday,2,6,2014,23,workday
154,03.06.2014,2,Tuesday,3,6,2014,23,workday
155,04.06.2014,3,Wednesday,4,6,2014,23,workday
156,05.06.2014,4,Thursday,5,6,2014,23,workday
157,06.06.2014,5,Friday,6,6,2014,23,workday
158,07.06.2014,6,Saturday,7,6,2014,23,weekend
159,08.06.2014,7,Sunday,8,6,2014,23,weekend
160,09.06.2014,1,Monday,9,6,2014,24,workday
161,10.06.2014,2,Tuesday,10,6,2014,24,workday
162,11.06.2014,3,Wednesday,11,6,2014,24,workday
163,12.06.2014,4,Thursday,12,6,2014,24,workday
164,13.06.2014,5,Friday,13,6,2014,24,workday
165,14.06.2014,6,Saturday,14,6,2014,24,weekend
166,15.06.2014,7,Sunday,15,6,2014,24,weekend
167,16.06.2014,1,Monday,16,6,2014,25,workday
168,17.06.2014,2,Tuesday,17,6,2014,25,workday
169,18.06.2014,3,Wednesday,18,6,2014,25,workday
170,19.06.2014,4,Thursday,19,6,2014,25,workday
171,20.06.2014,5,Friday,20,6,2014,25,workday
172,21.06.2014,6,Saturday,21,6,2014,25,weekend
173,22.06.2014,7,Sunday,22,6,2014,25,weekend
174,23.06.2014,1,Monday,23,6,2014,26,workday
175,24.06.2014,2,Tuesday,24,6,2014,26,workday
176,25.06.2014,3,Wednesday,25,6,2014,26,workday
177,26.06.2014,4,Thursday,26,6,2014,26,workday
178,27.06.2014,5,Friday,27,6,2014,26,workday
179,28.06.2014,6,Saturday,28,6,2014,26,weekend
180,29.06.2014,7,Sunday,29,6,2014,26,weekend
181,30.06.2014,1,Monday,30,6,2014,27,workday
182,01.07.2014,2,Tuesday,1,7,2014,27,workday
183,02.07.2014,3,Wednesday,2,7,2014,27,workday
184,03.07.2014,4,Thursday,3,7,2014,27,workday
185,04.07.2014,5,Friday,4,7,2014,27,workday
186,05.07.2014,6,Saturday,5,7,2014,27,weekend
187,06.07.2014,7,Sunday,6,7,2014,27,weekend
188,07.07.2014,1,Monday,7,7,2014,28,workday
189,08.07.2014,2,Tuesday,8,7,2014,28,workday
190,09.07.2014,3,Wednesday,9,7,2014,28,workday
191,10.07.2014,4,Thursday,10,7,2014,28,workday
192,11.07.2014,5,Friday,11,7,2014,28,workday
193,12.07.2014,6,Saturday,12,7,2014,28,weekend
194,13.07.2014,7,Sunday,13,7,2014,28,weekend
195,14.07.2014,1,Monday,14,7,2014,29,workday
196,15.07.2014,2,Tuesday,15,7,2014,29,workday
197,16.07.2014,3,Wednesday,16,7,2014,29,workday
198,17.07.2014,4,Thursday,17,7,2014,29,workday
199,18.07.2014,5,Friday,18,7,2014,29,workday
200,19.07.2014,6,Saturday,19,7,2014,29,weekend
201,20.07.2014,7,Sunday,20,7,2014,29,weekend
202,21.07.2014,1,Monday,21,7,2014,30,workday
203,22.07.2014,2,Tuesday,22,7,2014,30,workday
204,23.07.2014,3,Wednesday,23,7,2014,30,workday
205,24.07.2014,4,Thursday,24,7,2014,30,workday
206,25.07.2014,5,Friday,25,7,2014,30,workday
207,26.07.2014,6,Saturday,26,7,2014,30,weekend
208,27.07.2014,7,Sunday,27,7,2014,30,weekend
209,28.07.2014,1,Monday,28,7,2014,31,workday
210,29.07.2014,2,Tuesday,29,7,2014,31,workday
211,30.07.2014,3,Wednesday,30,7,2014,31,workday
212,31.07.2014,4,Thursday,31,7,2014,31,workday
213,01.08.2014,5,Friday,1,8,2014,31,workday
214,02.08.2014,6,Saturday,2,8,2014,31,weekend
215,03.08.2014,7,Sunday,3,8,2014,31,weekend
216,04.08.2014,1,Monday,4,8,2014,32,workday
217,05.08.2014,2,Tuesday,5,8,2014,32,workday
218,06.08.2014,3,Wednesday,6,8,2014,32,workday
219,07.08.2014,4,Thursday,7,8,2014,32,workday
220,08.08.2014,5,Friday,8,8,2014,32,workday
221,09.08.2014,6,Saturday,9,8,2014,32,weekend
222,10.08.2014,7,Sunday,10,8,2014,32,weekend
223,11.08.2014,1,Monday,11,8,2014,33,workday
224,12.08.2014,2,Tuesday,12,8,2014,33,workday
225,13.08.2014,3,Wednesday,13,8,2014,33,workday
226,14.08.2014,4,Thursday,14,8,2014,33,workday
227,15.08.2014,5,Friday,15,8,2014,33,workday
228,16.08.2014,6,Saturday,16,8,2014,33,weekend
229,17.08.2014,7,Sunday,17,8,2014,33,weekend
230,18.08.2014,1,Monday,18,8,2014,34,workday
231,19.08.2014,2,Tuesday,19,8,2014,34,workday
232,20.08.2014,3,Wednesday,20,8,2014,34,workday
233,21.08.2014,4,Thursday,21,8,2014,34,workday
234,22.08.2014,5,Friday,22,8,2014,34,workday
235,23.08.2014,6,Saturday,23,8,2014,34,weekend
236,24.08.2014,7,Sunday,24,8,2014,34,weekend
237,25.08.2014,1,Monday,25,8,2014,35,workday
238,26.08.2014,2,Tuesday,26,8,2014,35,workday
239,27.08.2014,3,Wednesday,27,8,2014,35,workday
240,28.08.2014,4,Thursday,28,8,2014,35,workday
241,29.08.2014,5,Friday,29,8,2014,35,workday
242,30.08.2014,6,Saturday,30,8,2014,35,weekend
243,31.08.2014,7,Sunday,31,8,2014,35,weekend
244,01.09.2014,1,Monday,1,9,2014,36,workday
245,02.09.2014,2,Tuesday,2,9,2014,36,workday
246,03.09.2014,3,Wednesday,3,9,2014,36,workday
247,04.09.2014,4,Thursday,4,9,2014,36,workday
248,05.09.2014,5,Friday,5,9,2014,36,workday
249,06.09.2014,6,Saturday,6,9,2014,36,weekend
250,07.09.2014,7,Sunday,7,9,2014,36,weekend
251,08.09.2014,1,Monday,8,9,2014,37,workday
252,09.09.2014,2,Tuesday,9,9,2014,37,workday
253,10.09.2014,3,Wednesday,10,9,2014,37,workday
254,11.09.2014,4,Thursday,11,9,2014,37,workday
255,12.09.2014,5,Friday,12,9,2014,37,workday
256,13.09.2014,6,Saturday,13,9,2014,37,weekend
257,14.09.2014,7,Sunday,14,9,2014,37,weekend
258,15.09.2014,1,Monday,15,9,2014,38,workday
259,16.09.2014,2,Tuesday,16,9,2014,38,workday
260,17.09.2014,3,Wednesday,17,9,2014,38,workday
261,18.09.2014,4,Thursday,18,9,2014,38,workday
262,19.09.2014,5,Friday,19,9,2014,38,workday
263,20.09.2014,6,Saturday,20,9,2014,38,weekend
264,21.09.2014,7,Sunday,21,9,2014,38,weekend
265,22.09.2014,1,Monday,22,9,2014,39,workday
266,23.09.2014,2,Tuesday,23,9,2014,39,workday
267,24.09.2014,3,Wednesday,24,9,2014,39,workday
268,25.09.2014,4,Thursday,25,9,2014,39,workday
269,26.09.2014,5,Friday,26,9,2014,39,workday
270,27.09.2014,6,Saturday,27,9,2014,39,weekend
271,28.09.2014,7,Sunday,28,9,2014,39,weekend
272,29.09.2014,1,Monday,29,9,2014,40,workday
273,30.09.2014,2,Tuesday,30,9,2014,40,workday
274,01.10.2014,3,Wednesday,1,10,2014,40,workday
275,02.10.2014,4,Thursday,2,10,2014,40,workday
276,03.10.2014,5,Friday,3,10,2014,40,workday
277,04.10.2014,6,Saturday,4,10,2014,40,weekend
278,05.10.2014,7,Sunday,5,10,2014,40,weekend
279,06.10.2014,1,Monday,6,10,2014,41,workday
280,07.10.2014,2,Tuesday,7,10,2014,41,workday
281,08.10.2014,3,Wednesday,8,10,2014,41,workday
282,09.10.2014,4,Thursday,9,10,2014,41,workday
283,10.10.2014,5,Friday,10,10,2014,41,workday
284,11.10.2014,6,Saturday,11,10,2014,41,weekend
285,12.10.2014,7,Sunday,12,10,2014,41,weekend
286,13.10.2014,1,Monday,13,10,2014,42,workday
287,14.10.2014,2,Tuesday,14,10,2014,42,workday
288,15.10.2014,3,Wednesday,15,10,2014,42,workday
289,16.10.2014,4,Thursday,16,10,2014,42,workday
290,17.10.2014,5,Friday,17,10,2014,42,workday
291,18.10.2014,6,Saturday,18,10,2014,42,weekend
292,19.10.2014,7,Sunday,19,10,2014,42,weekend
293,20.10.2014,1,Monday,20,10,2014,43,workday
294,21.10.2014,2,Tuesday,21,10,2014,43,workday
295,22.10.2014,3,Wednesday,22,10,2014,43,workday
296,23.10.2014,4,Thursday,23,10,2014,43,workday
297,24.10.2014,5,Friday,24,10,2014,43,workday
298,25.10.2014,6,Saturday,25,10,2014,43,weekend
299,26.10.2014,7,Sunday,26,10,2014,43,weekend
300,27.10.2014,1,Monday,27,10,2014,44,workday
301,28.10.2014,2,Tuesday,28,10,2014,44,workday
302,29.10.2014,3,Wednesday,29,10,2014,44,workday
303,30.10.2014,4,Thursday,30,10,2014,44,workday
304,31.10.2014,5,Friday,31,10,2014,44,workday
305,01.11.2014,6,Saturday,1,11,2014,44,weekend
306,02.11.2014,7,Sunday,2,11,2014,44,weekend
307,03.11.2014,1,Monday,3,11,2014,45,workday
308,04.11.2014,2,Tuesday,4,11,2014,45,workday
309,05.11.2014,3,Wednesday,5,11,2014,45,workday
310,06.11.2014,4,Thursday,6,11,2014,45,workday
311,07.11.2014,5,Friday,7,11,2014,45,workday
312,08.11.2014,6,Saturday,8,11,2014,45,weekend
313,09.11.2014,7,Sunday,9,11,2014,45,weekend
314,10.11.2014,1,Monday,10,11,2014,46,workday
315,11.11.2014,2,Tuesday,11,11,2014,46,workday
316,12.11.2014,3,Wednesday,12,11,2014,46,workday
317,13.11.2014,4,Thursday,13,11,2014,46,workday
318,14.11.2014,5,Friday,14,11,2014,46,workday
319,15.11.2014,6,Saturday,15,11,2014,46,weekend
320,16.11.2014,7,Sunday,16,11,2014,46,weekend
321,17.11.2014,1,Monday,17,11,2014,47,workday
322,18.11.2014,2,Tuesday,18,11,2014,47,workday
323,19.11.2014,3,Wednesday,19,11,2014,47,workday
324,20.11.2014,4,Thursday,20,11,2014,47,workday
325,21.11.2014,5,Friday,21,11,2014,47,workday
326,22.11.2014,6,Saturday,22,11,2014,47,weekend
327,23.11.2014,7,Sunday,23,11,2014,47,weekend
328,24.11.2014,1,Monday,24,11,2014,48,workday
329,25.11.2014,2,Tuesday,25,11,2014,48,workday
330,26.11.2014,3,Wednesday,26,11,2014,48,workday
331,27.11.2014,4,Thursday,27,11,2014,48,workday
332,28.11.2014,5,Friday,28,11,2014,48,workday
333,29.11.2014,6,Saturday,29,11,2014,48,weekend
334,30.11.2014,7,Sunday,30,11,2014,48,weekend
335,01.12.2014,1,Monday,1,12,2014,49,workday
336,02.12.2014,2,Tuesday,2,12,2014,49,workday
337,03.12.2014,3,Wednesday,3,12,2014,49,workday
338,04.12.2014,4,Thursday,4,12,2014,49,workday
339,05.12.2014,5,Friday,5,12,2014,49,workday
340,06.12.2014,6,Saturday,6,12,2014,49,weekend
341,07.12.2014,7,Sunday,7,12,2014,49,weekend
342,08.12.2014,1,Monday,8,12,2014,50,workday
343,09.12.2014,2,Tuesday,9,12,2014,50,workday
344,10.12.2014,3,Wednesday,10,12,2014,50,workday
345,11.12.2014,4,Thursday,11,12,2014,50,workday
346,12.12.2014,5,Friday,12,12,2014,50,workday
347,13.12.2014,6,Saturday,13,12,2014,50,weekend
348,14.12.2014,7,Sunday,14,12,2014,50,weekend
349,15.12.2014,1,Monday,15,12,2014,51,workday
350,16.12.2014,2,Tuesday,16,12,2014,51,workday
351,17.12.2014,3,Wednesday,17,12,2014,51,workday
352,18.12.2014,4,Thursday,18,12,2014,51,workday
353,19.12.2014,5,Friday,19,12,2014,51,workday
354,20.12.2014,6,Saturday,20,12,2014,51,weekend
355,21.12.2014,7,Sunday,21,12,2014,51,weekend
356,22.12.2014,1,Monday,22,12,2014,52,workday
357,23.12.2014,2,Tuesday,23,12,2014,52,workday
358,24.12.2014,3,Wednesday,24,12,2014,52,workday
359,25.12.2014,4,Thursday,25,12,2014,52,workday
360,26.12.2014,5,Friday,26,12,2014,52,workday
361,27.12.2014,6,Saturday,27,12,2014,52,weekend
362,28.12.2014,7,Sunday,28,12,2014,52,weekend
363,29.12.2014,1,Monday,29,12,2014,1,workday
364,30.12.2014,2,Tuesday,30,12,2014,1,workday
365,31.12.2014,3,Wednesday,31,12,2014,1,workday
366,01.01.2015,4,Thursday,1,1,2015,1,workday
367,02.01.2015,5,Friday,2,1,2015,1,workday
368,03.01.2015,6,Saturday,3,1,2015,1,weekend
369,04.01.2015,7,Sunday,4,1,2015,1,weekend
370,05.01.2015,1,Monday,5,1,2015,2,workday
371,06.01.2015,2,Tuesday,6,1,2015,2,workday
372,07.01.2015,3,Wednesday,7,1,2015,2,workday
373,08.01.2015,4,Thursday,8,1,2015,2,workday
374,09.01.2015,5,Friday,9,1,2015,2,workday
375,10.01.2015,6,Saturday,10,1,2015,2,weekend
376,11.01.2015,7,Sunday,11,1,2015,2,weekend
377,12.01.2015,1,Monday,12,1,2015,3,workday
378,13.01.2015,2,Tuesday,13,1,2015,3,workday
379,14.01.2015,3,Wednesday,14,1,2015,3,workday
380,15.01.2015,4,Thursday,15,1,2015,3,workday
381,16.01.2015,5,Friday,16,1,2015,3,workday
382,17.01.2015,6,Saturday,17,1,2015,3,weekend
383,18.01.2015,7,Sunday,18,1,2015,3,weekend
384,19.01.2015,1,Monday,19,1,2015,4,workday
385,20.01.2015,2,Tuesday,20,1,2015,4,workday
386,21.01.2015,3,Wednesday,21,1,2015,4,workday
387,22.01.2015,4,Thursday,22,1,2015,4,workday
388,23.01.2015,5,Friday,23,1,2015,4,workday
389,24.01.2015,6,Saturday,24,1,2015,4,weekend
390,25.01.2015,7,Sunday,25,1,2015,4,weekend
391,26.01.2015,1,Monday,26,1,2015,5,workday
392,27.01.2015,2,Tuesday,27,1,2015,5,workday
393,28.01.2015,3,Wednesday,28,1,2015,5,workday
394,29.01.2015,4,Thursday,29,1,2015,5,workday
395,30.01.2015,5,Friday,30,1,2015,5,workday
396,31.01.2015,6,Saturday,31,1,2015,5,weekend
397,01.02.2015,7,Sunday,1,2,2015,5,weekend
398,02.02.2015,1,Monday,2,2,2015,6,workday
399,03.02.2015,2,Tuesday,3,2,2015,6,workday
400,04.02.2015,3,Wednesday,4,2,2015,6,workday
401,05.02.2015,4,Thursday,5,2,2015,6,workday
402,06.02.2015,5,Friday,6,2,2015,6,workday
403,07.02.2015,6,Saturday,7,2,2015,6,weekend
404,08.02.2015,7,Sunday,8,2,2015,6,weekend
405,09.02.2015,1,Monday,9,2,2015,7,workday
406,10.02.2015,2,Tuesday,10,2,2015,7,workday
407,11.02.2015,3,Wednesday,11,2,2015,7,workday
408,12.02.2015,4,Thursday,12,2,2015,7,workday
409,13.02.2015,5,Friday,13,2,2015,7,workday
410,14.02.2015,6,Saturday,14,2,2015,7,weekend
411,15.02.2015,7,Sunday,15,2,2015,7,weekend
412,16.02.2015,1,Monday,16,2,2015,8,workday
413,17.02.2015,2,Tuesday,17,2,2015,8,workday
414,18.02.2015,3,Wednesday,18,2,2015,8,workday
415,19.02.2015,4,Thursday,19,2,2015,8,workday
416,20.02.2015,5,Friday,20,2,2015,8,workday
417,21.02.2015,6,Saturday,21,2,2015,8,weekend
418,22.02.2015,7,Sunday,22,2,2015,8,weekend
419,23.02.2015,1,Monday,23,2,2015,9,workday
420,24.02.2015,2,Tuesday,24,2,2015,9,workday
421,25.02.2015,3,Wednesday,25,2,2015,9,workday
422,26.02.2015,4,Thursday,26,2,2015,9,workday
423,27.02.2015,5,Friday,27,2,2015,9,workday
424,28.02.2015,6,Saturday,28,2,2015,9,weekend
425,01.03.2015,7,Sunday,1,3,2015,9,weekend
426,02.03.2015,1,Monday,2,3,2015,10,workday
427,03.03.2015,2,Tuesday,3,3,2015,10,workday
428,04.03.2015,3,Wednesday,4,3,2015,10,workday
429,05.03.2015,4,Thursday,5,3,2015,10,workday
430,06.03.2015,5,Friday,6,3,2015,10,workday
431,07.03.2015,6,Saturday,7,3,2015,10,weekend
432,08.03.2015,7,Sunday,8,3,2015,10,weekend
433,09.03.2015,1,Monday,9,3,2015,11,workday
434,10.03.2015,2,Tuesday,10,3,2015,11,workday
435,11.03.2015,3,Wednesday,11,3,2015,11,workday
436,12.03.2015,4,Thursday,12,3,2015,11,workday
437,13.03.2015,5,Friday,13,3,2015,11,workday
438,14.03.2015,6,Saturday,14,3,2015,11,weekend
439,15.03.2015,7,Sunday,15,3,2015,11,weekend
440,16.03.2015,1,Monday,16,3,2015,12,workday
441,17.03.2015,2,Tuesday,17,3,2015,12,workday
442,18.03.2015,3,Wednesday,18,3,2015,12,workday
443,19.03.2015,4,Thursday,19,3,2015,12,workday
444,20.03.2015,5,Friday,20,3,2015,12,workday
445,21.03.2015,6,Saturday,21,3,2015,12,weekend
446,22.03.2015,7,Sunday,22,3,2015,12,weekend
447,23.03.2015,1,Monday,23,3,2015,13,workday
448,24.03.2015,2,Tuesday,24,3,2015,13,workday
449,25.03.2015,3,Wednesday,25,3,2015,13,workday
450,26.03.2015,4,Thursday,26,3,2015,13,workday
451,27.03.2015,5,Friday,27,3,2015,13,workday
452,28.03.2015,6,Saturday,28,3,2015,13,weekend
453,29.03.2015,7,Sunday,29,3,2015,13,weekend
454,30.03.2015,1,Monday,30,3,2015,14,workday
455,31.03.2015,2,Tuesday,31,3,2015,14,workday
456,01.04.2015,3,Wednesday,1,4,2015,14,workday
457,02.04.2015,4,Thursday,2,4,2015,14,workday
458,03.04.2015,5,Friday,3,4,2015,14,workday
459,04.04.2015,6,Saturday,4,4,2015,14,weekend
460,05.04.2015,7,Sunday,5,4,2015,14,weekend
461,06.04.2015,1,Monday,6,4,2015,15,workday
462,07.04.2015,2,Tuesday,7,4,2015,15,workday
463,08.04.2015,3,Wednesday,8,4,2015,15,workday
464,09.04.2015,4,Thursday,9,4,2015,15,workday
465,10.04.2015,5,Friday,10,4,2015,15,workday
466,11.04.2015,6,Saturday,11,4,2015,15,weekend
467,12.04.2015,7,Sunday,12,4,2015,15,weekend
468,13.04.2015,1,Monday,13,4,2015,16,workday
469,14.04.2015,2,Tuesday,14,4,2015,16,workday
470,15.04.2015,3,Wednesday,15,4,2015,16,workday
471,16.04.2015,4,Thursday,16,4,2015,16,workday
472,17.04.2015,5,Friday,17,4,2015,16,workday
473,18.04.2015,6,Saturday,18,4,2015,16,weekend
474,19.04.2015,7,Sunday,19,4,2015,16,weekend
475,20.04.2015,1,Monday,20,4,2015,17,workday
476,21.04.2015,2,Tuesday,21,4,2015,17,workday
477,22.04.2015,3,Wednesday,22,4,2015,17,workday
478,23.04.2015,4,Thursday,23,4,2015,17,workday
479,24.04.2015,5,Friday,24,4,2015,17,workday
480,25.04.2015,6,Saturday,25,4,2015,17,weekend
481,26.04.2015,7,Sunday,26,4,2015,17,weekend
482,27.04.2015,1,Monday,27,4,2015,18,workday
483,28.04.2015,2,Tuesday,28,4,2015,18,workday
484,29.04.2015,3,Wednesday,29,4,2015,18,workday
485,30.04.2015,4,Thursday,30,4,2015,18,workday
486,01.05.2015,5,Friday,1,5,2015,18,workday
487,02.05.2015,6,Saturday,2,5,2015,18,weekend
488,03.05.2015,7,Sunday,3,5,2015,18,weekend
489,04.05.2015,1,Monday,4,5,2015,19,workday
490,05.05.2015,2,Tuesday,5,5,2015,19,workday
491,06.05.2015,3,Wednesday,6,5,2015,19,workday
492,07.05.2015,4,Thursday,7,5,2015,19,workday
493,08.05.2015,5,Friday,8,5,2015,19,workday
494,09.05.2015,6,Saturday,9,5,2015,19,weekend
495,10.05.2015,7,Sunday,10,5,2015,19,weekend
496,11.05.2015,1,Monday,11,5,2015,20,workday
497,12.05.2015,2,Tuesday,12,5,2015,20,workday
498,13.05.2015,3,Wednesday,13,5,2015,20,workday
499,14.05.2015,4,Thursday,14,5,2015,20,workday
500,15.05.2015,5,Friday,15,5,2015,20,workday
501,16.05.2015,6,Saturday,16,5,2015,20,weekend
502,17.05.2015,7,Sunday,17,5,2015,20,weekend
503,18.05.2015,1,Monday,18,5,2015,21,workday
504,19.05.2015,2,Tuesday,19,5,2015,21,workday
505,20.05.2015,3,Wednesday,20,5,2015,21,workday
506,21.05.2015,4,Thursday,21,5,2015,21,workday
507,22.05.2015,5,Friday,22,5,2015,21,workday
508,23.05.2015,6,Saturday,23,5,2015,21,weekend
509,24.05.2015,7,Sunday,24,5,2015,21,weekend
510,25.05.2015,1,Monday,25,5,2015,22,workday
511,26.05.2015,2,Tuesday,26,5,2015,22,workday
512,27.05.2015,3,Wednesday,27,5,2015,22,workday
513,28.05.2015,4,Thursday,28,5,2015,22,workday
514,29.05.2015,5,Friday,29,5,2015,22,workday
515,30.05.2015,6,Saturday,30,5,2015,22,weekend
516,31.05.2015,7,Sunday,31,5,2015,22,weekend
517,01.06.2015,1,Monday,1,6,2015,23,workday
518,02.06.2015,2,Tuesday,2,6,2015,23,workday
519,03.06.2015,3,Wednesday,3,6,2015,23,workday
520,04.06.2015,4,Thursday,4,6,2015,23,workday
521,05.06.2015,5,Friday,5,6,2015,23,workday
522,06.06.2015,6,Saturday,6,6,2015,23,weekend
523,07.06.2015,7,Sunday,7,6,2015,23,weekend
524,08.06.2015,1,Monday,8,6,2015,24,workday
525,09.06.2015,2,Tuesday,9,6,2015,24,workday
526,10.06.2015,3,Wednesday,10,6,2015,24,workday
527,11.06.2015,4,Thursday,11,6,2015,24,workday
528,12.06.2015,5,Friday,12,6,2015,24,workday
529,13.06.2015,6,Saturday,13,6,2015,24,weekend
530,14.06.2015,7,Sunday,14,6,2015,24,weekend
531,15.06.2015,1,Monday,15,6,2015,25,workday
532,16.06.2015,2,Tuesday,16,6,2015,25,workday
533,17.06.2015,3,Wednesday,17,6,2015,25,workday
534,18.06.2015,4,Thursday,18,6,2015,25,workday
535,19.06.2015,5,Friday,19,6,2015,25,workday
536,20.06.2015,6,Saturday,20,6,2015,25,weekend
537,21.06.2015,7,Sunday,21,6,2015,25,weekend
538,22.06.2015,1,Monday,22,6,2015,26,workday
539,23.06.2015,2,Tuesday,23,6,2015,26,workday
540,24.06.2015,3,Wednesday,24,6,2015,26,workday
541,25.06.2015,4,Thursday,25,6,2015,26,workday
542,26.06.2015,5,Friday,26,6,2015,26,workday
543,27.06.2015,6,Saturday,27,6,2015,26,weekend
544,28.06.2015,7,Sunday,28,6,2015,26,weekend
545,29.06.2015,1,Monday,29,6,2015,27,workday
546,30.06.2015,2,Tuesday,30,6,2015,27,workday
547,01.07.2015,3,Wednesday,1,7,2015,27,workday
548,02.07.2015,4,Thursday,2,7,2015,27,workday
549,03.07.2015,5,Friday,3,7,2015,27,workday
550,04.07.2015,6,Saturday,4,7,2015,27,weekend
551,05.07.2015,7,Sunday,5,7,2015,27,weekend
552,06.07.2015,1,Monday,6,7,2015,28,workday
553,07.07.2015,2,Tuesday,7,7,2015,28,workday
554,08.07.2015,3,Wednesday,8,7,2015,28,workday
555,09.07.2015,4,Thursday,9,7,2015,28,workday
556,10.07.2015,5,Friday,10,7,2015,28,workday
557,11.07.2015,6,Saturday,11,7,2015,28,weekend
558,12.07.2015,7,Sunday,12,7,2015,28,weekend
559,13.07.2015,1,Monday,13,7,2015,29,workday
560,14.07.2015,2,Tuesday,14,7,2015,29,workday
561,15.07.2015,3,Wednesday,15,7,2015,29,workday
562,16.07.2015,4,Thursday,16,7,2015,29,workday
563,17.07.2015,5,Friday,17,7,2015,29,workday
564,18.07.2015,6,Saturday,18,7,2015,29,weekend
565,19.07.2015,7,Sunday,19,7,2015,29,weekend
566,20.07.2015,1,Monday,20,7,2015,30,workday
567,21.07.2015,2,Tuesday,21,7,2015,30,workday
568,22.07.2015,3,Wednesday,22,7,2015,30,workday
569,23.07.2015,4,Thursday,23,7,2015,30,workday
570,24.07.2015,5,Friday,24,7,2015,30,workday
571,25.07.2015,6,Saturday,25,7,2015,30,weekend
572,26.07.2015,7,Sunday,26,7,2015,30,weekend
573,27.07.2015,1,Monday,27,7,2015,31,workday
574,28.07.2015,2,Tuesday,28,7,2015,31,workday
575,29.07.2015,3,Wednesday,29,7,2015,31,workday
576,30.07.2015,4,Thursday,30,7,2015,31,workday
577,31.07.2015,5,Friday,31,7,2015,31,workday
578,01.08.2015,6,Saturday,1,8,2015,31,weekend
579,02.08.2015,7,Sunday,2,8,2015,31,weekend
580,03.08.2015,1,Monday,3,8,2015,32,workday
581,04.08.2015,2,Tuesday,4,8,2015,32,workday
582,05.08.2015,3,Wednesday,5,8,2015,32,workday
583,06.08.2015,4,Thursday,6,8,2015,32,workday
584,07.08.2015,5,Friday,7,8,2015,32,workday
585,08.08.2015,6,Saturday,8,8,2015,32,weekend
586,09.08.2015,7,Sunday,9,8,2015,32,weekend
587,10.08.2015,1,Monday,10,8,2015,33,workday
588,11.08.2015,2,Tuesday,11,8,2015,33,workday
589,12.08.2015,3,Wednesday,12,8,2015,33,workday
590,13.08.2015,4,Thursday,13,8,2015,33,workday
591,14.08.2015,5,Friday,14,8,2015,33,workday
592,15.08.2015,6,Saturday,15,8,2015,33,weekend
593,16.08.2015,7,Sunday,16,8,2015,33,weekend
594,17.08.2015,1,Monday,17,8,2015,34,workday
595,18.08.2015,2,Tuesday,18,8,2015,34,workday
596,19.08.2015,3,Wednesday,19,8,2015,34,workday
597,20.08.2015,4,Thursday,20,8,2015,34,workday
598,21.08.2015,5,Friday,21,8,2015,34,workday
599,22.08.2015,6,Saturday,22,8,2015,34,weekend
600,23.08.2015,7,Sunday,23,8,2015,34,weekend
601,24.08.2015,1,Monday,24,8,2015,35,workday
602,25.08.2015,2,Tuesday,25,8,2015,35,workday
603,26.08.2015,3,Wednesday,26,8,2015,35,workday
604,27.08.2015,4,Thursday,27,8,2015,35,workday
605,28.08.2015,5,Friday,28,8,2015,35,workday
606,29.08.2015,6,Saturday,29,8,2015,35,weekend
607,30.08.2015,7,Sunday,30,8,2015,35,weekend
608,31.08.2015,1,Monday,31,8,2015,36,workday
609,01.09.2015,2,Tuesday,1,9,2015,36,workday
610,02.09.2015,3,Wednesday,2,9,2015,36,workday
611,03.09.2015,4,Thursday,3,9,2015,36,workday
612,04.09.2015,5,Friday,4,9,2015,36,workday
613,05.09.2015,6,Saturday,5,9,2015,36,weekend
614,06.09.2015,7,Sunday,6,9,2015,36,weekend
615,07.09.2015,1,Monday,7,9,2015,37,workday
616,08.09.2015,2,Tuesday,8,9,2015,37,workday
617,09.09.2015,3,Wednesday,9,9,2015,37,workday
618,10.09.2015,4,Thursday,10,9,2015,37,workday
619,11.09.2015,5,Friday,11,9,2015,37,workday
620,12.09.2015,6,Saturday,12,9,2015,37,weekend
621,13.09.2015,7,Sunday,13,9,2015,37,weekend
622,14.09.2015,1,Monday,14,9,2015,38,workday
623,15.09.2015,2,Tuesday,15,9,2015,38,workday
624,16.09.2015,3,Wednesday,16,9,2015,38,workday
625,17.09.2015,4,Thursday,17,9,2015,38,workday
626,18.09.2015,5,Friday,18,9,2015,38,workday
627,19.09.2015,6,Saturday,19,9,2015,38,weekend
628,20.09.2015,7,Sunday,20,9,2015,38,weekend
629,21.09.2015,1,Monday,21,9,2015,39,workday
630,22.09.2015,2,Tuesday,22,9,2015,39,workday
631,23.09.2015,3,Wednesday,23,9,2015,39,workday
632,24.09.2015,4,Thursday,24,9,2015,39,workday
633,25.09.2015,5,Friday,25,9,2015,39,workday
634,26.09.2015,6,Saturday,26,9,2015,39,weekend
635,27.09.2015,7,Sunday,27,9,2015,39,weekend
636,28.09.2015,1,Monday,28,9,2015,40,workday
637,29.09.2015,2,Tuesday,29,9,2015,40,workday
638,30.09.2015,3,Wednesday,30,9,2015,40,workday
639,01.10.2015,4,Thursday,1,10,2015,40,workday
640,02.10.2015,5,Friday,2,10,2015,40,workday
641,03.10.2015,6,Saturday,3,10,2015,40,weekend
642,04.10.2015,7,Sunday,4,10,2015,40,weekend
643,05.10.2015,1,Monday,5,10,2015,41,workday
644,06.10.2015,2,Tuesday,6,10,2015,41,workday
645,07.10.2015,3,Wednesday,7,10,2015,41,workday
646,08.10.2015,4,Thursday,8,10,2015,41,workday
647,09.10.2015,5,Friday,9,10,2015,41,workday
648,10.10.2015,6,Saturday,10,10,2015,41,weekend
649,11.10.2015,7,Sunday,11,10,2015,41,weekend
650,12.10.2015,1,Monday,12,10,2015,42,workday
651,13.10.2015,2,Tuesday,13,10,2015,42,workday
652,14.10.2015,3,Wednesday,14,10,2015,42,workday
653,15.10.2015,4,Thursday,15,10,2015,42,workday
654,16.10.2015,5,Friday,16,10,2015,42,workday
655,17.10.2015,6,Saturday,17,10,2015,42,weekend
656,18.10.2015,7,Sunday,18,10,2015,42,weekend
657,19.10.2015,1,Monday,19,10,2015,43,workday
658,20.10.2015,2,Tuesday,20,10,2015,43,workday
659,21.10.2015,3,Wednesday,21,10,2015,43,workday
660,22.10.2015,4,Thursday,22,10,2015,43,workday
661,23.10.2015,5,Friday,23,10,2015,43,workday
662,24.10.2015,6,Saturday,24,10,2015,43,weekend
663,25.10.2015,7,Sunday,25,10,2015,43,weekend
664,26.10.2015,1,Monday,26,10,2015,44,workday
665,27.10.2015,2,Tuesday,27,10,2015,44,workday
666,28.10.2015,3,Wednesday,28,10,2015,44,workday
667,29.10.2015,4,Thursday,29,10,2015,44,workday
668,30.10.2015,5,Friday,30,10,2015,44,workday
669,31.10.2015,6,Saturday,31,10,2015,44,weekend
670,01.11.2015,7,Sunday,1,11,2015,44,weekend
671,02.11.2015,1,Monday,2,11,2015,45,workday
672,03.11.2015,2,Tuesday,3,11,2015,45,workday
673,04.11.2015,3,Wednesday,4,11,2015,45,workday
674,05.11.2015,4,Thursday,5,11,2015,45,workday
675,06.11.2015,5,Friday,6,11,2015,45,workday
676,07.11.2015,6,Saturday,7,11,2015,45,weekend
677,08.11.2015,7,Sunday,8,11,2015,45,weekend
678,09.11.2015,1,Monday,9,11,2015,46,workday
679,10.11.2015,2,Tuesday,10,11,2015,46,workday
680,11.11.2015,3,Wednesday,11,11,2015,46,workday
681,12.11.2015,4,Thursday,12,11,2015,46,workday
682,13.11.2015,5,Friday,13,11,2015,46,workday
683,14.11.2015,6,Saturday,14,11,2015,46,weekend
684,15.11.2015,7,Sunday,15,11,2015,46,weekend
685,16.11.2015,1,Monday,16,11,2015,47,workday
686,17.11.2015,2,Tuesday,17,11,2015,47,workday
687,18.11.2015,3,Wednesday,18,11,2015,47,workday
688,19.11.2015,4,Thursday,19,11,2015,47,workday
689,20.11.2015,5,Friday,20,11,2015,47,workday
690,21.11.2015,6,Saturday,21,11,2015,47,weekend
691,22.11.2015,7,Sunday,22,11,2015,47,weekend
692,23.11.2015,1,Monday,23,11,2015,48,workday
693,24.11.2015,2,Tuesday,24,11,2015,48,workday
694,25.11.2015,3,Wednesday,25,11,2015,48,workday
695,26.11.2015,4,Thursday,26,11,2015,48,workday
696,27.11.2015,5,Friday,27,11,2015,48,workday
697,28.11.2015,6,Saturday,28,11,2015,48,weekend
698,29.11.2015,7,Sunday,29,11,2015,48,weekend
699,30.11.2015,1,Monday,30,11,2015,49,workday
700,01.12.2015,2,Tuesday,1,12,2015,49,workday
701,02.12.2015,3,Wednesday,2,12,2015,49,workday
702,03.12.2015,4,Thursday,3,12,2015,49,workday
703,04.12.2015,5,Friday,4,12,2015,49,workday
704,05.12.2015,6,Saturday,5,12,2015,49,weekend
705,06.12.2015,7,Sunday,6,12,2015,49,weekend
706,07.12.2015,1,Monday,7,12,2015,50,workday
707,08.12.2015,2,Tuesday,8,12,2015,50,workday
708,09.12.2015,3,Wednesday,9,12,2015,50,workday
709,10.12.2015,4,Thursday,10,12,2015,50,workday
710,11.12.2015,5,Friday,11,12,2015,50,workday
711,12.12.2015,6,Saturday,12,12,2015,50,weekend
712,13.12.2015,7,Sunday,13,12,2015,50,weekend
713,14.12.2015,1,Monday,14,12,2015,51,workday
714,15.12.2015,2,Tuesday,15,12,2015,51,workday
715,16.12.2015,3,Wednesday,16,12,2015,51,workday
716,17.12.2015,4,Thursday,17,12,2015,51,workday
717,18.12.2015,5,Friday,18,12,2015,51,workday
718,19.12.2015,6,Saturday,19,12,2015,51,weekend
719,20.12.2015,7,Sunday,20,12,2015,51,weekend
720,21.12.2015,1,Monday,21,12,2015,52,workday
721,22.12.2015,2,Tuesday,22,12,2015,52,workday
722,23.12.2015,3,Wednesday,23,12,2015,52,workday
723,24.12.2015,4,Thursday,24,12,2015,52,workday
724,25.12.2015,5,Friday,25,12,2015,52,workday
725,26.12.2015,6,Saturday,26,12,2015,52,weekend
726,27.12.2015,7,Sunday,27,12,2015,52,weekend
727,28.12.2015,1,Monday,28,12,2015,53,workday
728,29.12.2015,2,Tuesday,29,12,2015,53,workday
729,30.12.2015,3,Wednesday,30,12,2015,53,workday
730,31.12.2015,4,Thursday,31,12,2015,53,workday
731,01.01.2016,5,Friday,1,1,2016,53,workday
732,02.01.2016,6,Saturday,2,1,2016,53,weekend
733,03.01.2016,7,Sunday,3,1,2016,53,weekend
734,04.01.2016,1,Monday,4,1,2016,1,workday
735,05.01.2016,2,Tuesday,5,1,2016,1,workday
736,06.01.2016,3,Wednesday,6,1,2016,1,workday
737,07.01.2016,4,Thursday,7,1,2016,1,workday
738,08.01.2016,5,Friday,8,1,2016,1,workday
739,09.01.2016,6,Saturday,9,1,2016,1,weekend
740,10.01.2016,7,Sunday,10,1,2016,1,weekend
741,11.01.2016,1,Monday,11,1,2016,2,workday
742,12.01.2016,2,Tuesday,12,1,2016,2,workday
743,13.01.2016,3,Wednesday,13,1,2016,2,workday
744,14.01.2016,4,Thursday,14,1,2016,2,workday
745,15.01.2016,5,Friday,15,1,2016,2,workday
746,16.01.2016,6,Saturday,16,1,2016,2,weekend
747,17.01.2016,7,Sunday,17,1,2016,2,weekend
748,18.01.2016,1,Monday,18,1,2016,3,workday
749,19.01.2016,2,Tuesday,19,1,2016,3,workday
750,20.01.2016,3,Wednesday,20,1,2016,3,workday
751,21.01.2016,4,Thursday,21,1,2016,3,workday
752,22.01.2016,5,Friday,22,1,2016,3,workday
753,23.01.2016,6,Saturday,23,1,2016,3,weekend
754,24.01.2016,7,Sunday,24,1,2016,3,weekend
755,25.01.2016,1,Monday,25,1,2016,4,workday
756,26.01.2016,2,Tuesday,26,1,2016,4,workday
757,27.01.2016,3,Wednesday,27,1,2016,4,workday
758,28.01.2016,4,Thursday,28,1,2016,4,workday
759,29.01.2016,5,Friday,29,1,2016,4,workday
760,30.01.2016,6,Saturday,30,1,2016,4,weekend
761,31.01.2016,7,Sunday,31,1,2016,4,weekend
762,01.02.2016,1,Monday,1,2,2016,5,workday
763,02.02.2016,2,Tuesday,2,2,2016,5,workday
764,03.02.2016,3,Wednesday,3,2,2016,5,workday
765,04.02.2016,4,Thursday,4,2,2016,5,workday
766,05.02.2016,5,Friday,5,2,2016,5,workday
767,06.02.2016,6,Saturday,6,2,2016,5,weekend
768,07.02.2016,7,Sunday,7,2,2016,5,weekend
769,08.02.2016,1,Monday,8,2,2016,6,workday
770,09.02.2016,2,Tuesday,9,2,2016,6,workday
771,10.02.2016,3,Wednesday,10,2,2016,6,workday
772,11.02.2016,4,Thursday,11,2,2016,6,workday
773,12.02.2016,5,Friday,12,2,2016,6,workday
774,13.02.2016,6,Saturday,13,2,2016,6,weekend
775,14.02.2016,7,Sunday,14,2,2016,6,weekend
776,15.02.2016,1,Monday,15,2,2016,7,workday
777,16.02.2016,2,Tuesday,16,2,2016,7,workday
778,17.02.2016,3,Wednesday,17,2,2016,7,workday
779,18.02.2016,4,Thursday,18,2,2016,7,workday
780,19.02.2016,5,Friday,19,2,2016,7,workday
781,20.02.2016,6,Saturday,20,2,2016,7,weekend
782,21.02.2016,7,Sunday,21,2,2016,7,weekend
783,22.02.2016,1,Monday,22,2,2016,8,workday
784,23.02.2016,2,Tuesday,23,2,2016,8,workday
785,24.02.2016,3,Wednesday,24,2,2016,8,workday
786,25.02.2016,4,Thursday,25,2,2016,8,workday
787,26.02.2016,5,Friday,26,2,2016,8,workday
788,27.02.2016,6,Saturday,27,2,2016,8,weekend
789,28.02.2016,7,Sunday,28,2,2016,8,weekend
790,29.02.2016,1,Monday,29,2,2016,9,workday
791,01.03.2016,2,Tuesday,1,3,2016,9,workday
792,02.03.2016,3,Wednesday,2,3,2016,9,workday
793,03.03.2016,4,Thursday,3,3,2016,9,workday
794,04.03.2016,5,Friday,4,3,2016,9,workday
795,05.03.2016,6,Saturday,5,3,2016,9,weekend
796,06.03.2016,7,Sunday,6,3,2016,9,weekend
797,07.03.2016,1,Monday,7,3,2016,10,workday
798,08.03.2016,2,Tuesday,8,3,2016,10,workday
799,09.03.2016,3,Wednesday,9,3,2016,10,workday
800,10.03.2016,4,Thursday,10,3,2016,10,workday
801,11.03.2016,5,Friday,11,3,2016,10,workday
802,12.03.2016,6,Saturday,12,3,2016,10,weekend
803,13.03.2016,7,Sunday,13,3,2016,10,weekend
804,14.03.2016,1,Monday,14,3,2016,11,workday
805,15.03.2016,2,Tuesday,15,3,2016,11,workday
806,16.03.2016,3,Wednesday,16,3,2016,11,workday
807,17.03.2016,4,Thursday,17,3,2016,11,workday
808,18.03.2016,5,Friday,18,3,2016,11,workday
809,19.03.2016,6,Saturday,19,3,2016,11,weekend
810,20.03.2016,7,Sunday,20,3,2016,11,weekend
811,21.03.2016,1,Monday,21,3,2016,12,workday
812,22.03.2016,2,Tuesday,22,3,2016,12,workday
813,23.03.2016,3,Wednesday,23,3,2016,12,workday
814,24.03.2016,4,Thursday,24,3,2016,12,workday
815,25.03.2016,5,Friday,25,3,2016,12,workday
816,26.03.2016,6,Saturday,26,3,2016,12,weekend
817,27.03.2016,7,Sunday,27,3,2016,12,weekend
818,28.03.2016,1,Monday,28,3,2016,13,workday
819,29.03.2016,2,Tuesday,29,3,2016,13,workday
820,30.03.2016,3,Wednesday,30,3,2016,13,workday
821,31.03.2016,4,Thursday,31,3,2016,13,workday
822,01.04.2016,5,Friday,1,4,2016,13,workday
823,02.04.2016,6,Saturday,2,4,2016,13,weekend
824,03.04.2016,7,Sunday,3,4,2016,13,weekend
825,04.04.2016,1,Monday,4,4,2016,14,workday
826,05.04.2016,2,Tuesday,5,4,2016,14,workday
827,06.04.2016,3,Wednesday,6,4,2016,14,workday
828,07.04.2016,4,Thursday,7,4,2016,14,workday
829,08.04.2016,5,Friday,8,4,2016,14,workday
830,09.04.2016,6,Saturday,9,4,2016,14,weekend
831,10.04.2016,7,Sunday,10,4,2016,14,weekend
832,11.04.2016,1,Monday,11,4,2016,15,workday
833,12.04.2016,2,Tuesday,12,4,2016,15,workday
834,13.04.2016,3,Wednesday,13,4,2016,15,workday
835,14.04.2016,4,Thursday,14,4,2016,15,workday
836,15.04.2016,5,Friday,15,4,2016,15,workday
837,16.04.2016,6,Saturday,16,4,2016,15,weekend
838,17.04.2016,7,Sunday,17,4,2016,15,weekend
839,18.04.2016,1,Monday,18,4,2016,16,workday
840,19.04.2016,2,Tuesday,19,4,2016,16,workday
841,20.04.2016,3,Wednesday,20,4,2016,16,workday
842,21.04.2016,4,Thursday,21,4,2016,16,workday
843,22.04.2016,5,Friday,22,4,2016,16,workday
844,23.04.2016,6,Saturday,23,4,2016,16,weekend
845,24.04.2016,7,Sunday,24,4,2016,16,weekend
846,25.04.2016,1,Monday,25,4,2016,17,workday
847,26.04.2016,2,Tuesday,26,4,2016,17,workday
848,27.04.2016,3,Wednesday,27,4,2016,17,workday
849,28.04.2016,4,Thursday,28,4,2016,17,workday
850,29.04.2016,5,Friday,29,4,2016,17,workday
851,30.04.2016,6,Saturday,30,4,2016,17,weekend
852,01.05.2016,7,Sunday,1,5,2016,17,weekend
853,02.05.2016,1,Monday,2,5,2016,18,workday
854,03.05.2016,2,Tuesday,3,5,2016,18,workday
855,04.05.2016,3,Wednesday,4,5,2016,18,workday
856,05.05.2016,4,Thursday,5,5,2016,18,workday
857,06.05.2016,5,Friday,6,5,2016,18,workday
858,07.05.2016,6,Saturday,7,5,2016,18,weekend
859,08.05.2016,7,Sunday,8,5,2016,18,weekend
860,09.05.2016,1,Monday,9,5,2016,19,workday
861,10.05.2016,2,Tuesday,10,5,2016,19,workday
862,11.05.2016,3,Wednesday,11,5,2016,19,workday
863,12.05.2016,4,Thursday,12,5,2016,19,workday
864,13.05.2016,5,Friday,13,5,2016,19,workday
865,14.05.2016,6,Saturday,14,5,2016,19,weekend
866,15.05.2016,7,Sunday,15,5,2016,19,weekend
867,16.05.2016,1,Monday,16,5,2016,20,workday
868,17.05.2016,2,Tuesday,17,5,2016,20,workday
869,18.05.2016,3,Wednesday,18,5,2016,20,workday
870,19.05.2016,4,Thursday,19,5,2016,20,workday
871,20.05.2016,5,Friday,20,5,2016,20,workday
872,21.05.2016,6,Saturday,21,5,2016,20,weekend
873,22.05.2016,7,Sunday,22,5,2016,20,weekend
874,23.05.2016,1,Monday,23,5,2016,21,workday
875,24.05.2016,2,Tuesday,24,5,2016,21,workday
876,25.05.2016,3,Wednesday,25,5,2016,21,workday
877,26.05.2016,4,Thursday,26,5,2016,21,workday
878,27.05.2016,5,Friday,27,5,2016,21,workday
879,28.05.2016,6,Saturday,28,5,2016,21,weekend
880,29.05.2016,7,Sunday,29,5,2016,21,weekend
881,30.05.2016,1,Monday,30,5,2016,22,workday
882,31.05.2016,2,Tuesday,31,5,2016,22,workday
883,01.06.2016,3,Wednesday,1,6,2016,22,workday
884,02.06.2016,4,Thursday,2,6,2016,22,workday
885,03.06.2016,5,Friday,3,6,2016,22,workday
886,04.06.2016,6,Saturday,4,6,2016,22,weekend
887,05.06.2016,7,Sunday,5,6,2016,22,weekend
888,06.06.2016,1,Monday,6,6,2016,23,workday
889,07.06.2016,2,Tuesday,7,6,2016,23,workday
890,08.06.2016,3,Wednesday,8,6,2016,23,workday
891,09.06.2016,4,Thursday,9,6,2016,23,workday
892,10.06.2016,5,Friday,10,6,2016,23,workday
893,11.06.2016,6,Saturday,11,6,2016,23,weekend
894,12.06.2016,7,Sunday,12,6,2016,23,weekend
895,13.06.2016,1,Monday,13,6,2016,24,workday
896,14.06.2016,2,Tuesday,14,6,2016,24,workday
897,15.06.2016,3,Wednesday,15,6,2016,24,workday
898,16.06.2016,4,Thursday,16,6,2016,24,workday
899,17.06.2016,5,Friday,17,6,2016,24,workday
900,18.06.2016,6,Saturday,18,6,2016,24,weekend
901,19.06.2016,7,Sunday,19,6,2016,24,weekend
902,20.06.2016,1,Monday,20,6,2016,25,workday
903,21.06.2016,2,Tuesday,21,6,2016,25,workday
904,22.06.2016,3,Wednesday,22,6,2016,25,workday
905,23.06.2016,4,Thursday,23,6,2016,25,workday
906,24.06.2016,5,Friday,24,6,2016,25,workday
907,25.06.2016,6,Saturday,25,6,2016,25,weekend
908,26.06.2016,7,Sunday,26,6,2016,25,weekend
909,27.06.2016,1,Monday,27,6,2016,26,workday
910,28.06.2016,2,Tuesday,28,6,2016,26,workday
911,29.06.2016,3,Wednesday,29,6,2016,26,workday
912,30.06.2016,4,Thursday,30,6,2016,26,workday
913,01.07.2016,5,Friday,1,7,2016,26,workday
914,02.07.2016,6,Saturday,2,7,2016,26,weekend
915,03.07.2016,7,Sunday,3,7,2016,26,weekend
916,04.07.2016,1,Monday,4,7,2016,27,workday
917,05.07.2016,2,Tuesday,5,7,2016,27,workday
918,06.07.2016,3,Wednesday,6,7,2016,27,workday
919,07.07.2016,4,Thursday,7,7,2016,27,workday
920,08.07.2016,5,Friday,8,7,2016,27,workday
921,09.07.2016,6,Saturday,9,7,2016,27,weekend
922,10.07.2016,7,Sunday,10,7,2016,27,weekend
923,11.07.2016,1,Monday,11,7,2016,28,workday
924,12.07.2016,2,Tuesday,12,7,2016,28,workday
925,13.07.2016,3,Wednesday,13,7,2016,28,workday
926,14.07.2016,4,Thursday,14,7,2016,28,workday
927,15.07.2016,5,Friday,15,7,2016,28,workday
928,16.07.2016,6,Saturday,16,7,2016,28,weekend
929,17.07.2016,7,Sunday,17,7,2016,28,weekend
930,18.07.2016,1,Monday,18,7,2016,29,workday
931,19.07.2016,2,Tuesday,19,7,2016,29,workday
932,20.07.2016,3,Wednesday,20,7,2016,29,workday
933,21.07.2016,4,Thursday,21,7,2016,29,workday
934,22.07.2016,5,Friday,22,7,2016,29,workday
935,23.07.2016,6,Saturday,23,7,2016,29,weekend
936,24.07.2016,7,Sunday,24,7,2016,29,weekend
937,25.07.2016,1,Monday,25,7,2016,30,workday
938,26.07.2016,2,Tuesday,26,7,2016,30,workday
939,27.07.2016,3,Wednesday,27,7,2016,30,workday
940,28.07.2016,4,Thursday,28,7,2016,30,workday
941,29.07.2016,5,Friday,29,7,2016,30,workday
942,30.07.2016,6,Saturday,30,7,2016,30,weekend
943,31.07.2016,7,Sunday,31,7,2016,30,weekend
944,01.08.2016,1,Monday,1,8,2016,31,workday
945,02.08.2016,2,Tuesday,2,8,2016,31,workday
946,03.08.2016,3,Wednesday,3,8,2016,31,workday
947,04.08.2016,4,Thursday,4,8,2016,31,workday
948,05.08.2016,5,Friday,5,8,2016,31,workday
949,06.08.2016,6,Saturday,6,8,2016,31,weekend
950,07.08.2016,7,Sunday,7,8,2016,31,weekend
951,08.08.2016,1,Monday,8,8,2016,32,workday
952,09.08.2016,2,Tuesday,9,8,2016,32,workday
953,10.08.2016,3,Wednesday,10,8,2016,32,workday
954,11.08.2016,4,Thursday,11,8,2016,32,workday
955,12.08.2016,5,Friday,12,8,2016,32,workday
956,13.08.2016,6,Saturday,13,8,2016,32,weekend
957,14.08.2016,7,Sunday,14,8,2016,32,weekend
958,15.08.2016,1,Monday,15,8,2016,33,workday
959,16.08.2016,2,Tuesday,16,8,2016,33,workday
960,17.08.2016,3,Wednesday,17,8,2016,33,workday
961,18.08.2016,4,Thursday,18,8,2016,33,workday
962,19.08.2016,5,Friday,19,8,2016,33,workday
963,20.08.2016,6,Saturday,20,8,2016,33,weekend
964,21.08.2016,7,Sunday,21,8,2016,33,weekend
965,22.08.2016,1,Monday,22,8,2016,34,workday
966,23.08.2016,2,Tuesday,23,8,2016,34,workday
967,24.08.2016,3,Wednesday,24,8,2016,34,workday
968,25.08.2016,4,Thursday,25,8,2016,34,workday
969,26.08.2016,5,Friday,26,8,2016,34,workday
970,27.08.2016,6,Saturday,27,8,2016,34,weekend
971,28.08.2016,7,Sunday,28,8,2016,34,weekend
972,29.08.2016,1,Monday,29,8,2016,35,workday
973,30.08.2016,2,Tuesday,30,8,2016,35,workday
974,31.08.2016,3,Wednesday,31,8,2016,35,workday
975,01.09.2016,4,Thursday,1,9,2016,35,workday
976,02.09.2016,5,Friday,2,9,2016,35,workday
977,03.09.2016,6,Saturday,3,9,2016,35,weekend
978,04.09.2016,7,Sunday,4,9,2016,35,weekend
979,05.09.2016,1,Monday,5,9,2016,36,workday
980,06.09.2016,2,Tuesday,6,9,2016,36,workday
981,07.09.2016,3,Wednesday,7,9,2016,36,workday
982,08.09.2016,4,Thursday,8,9,2016,36,workday
983,09.09.2016,5,Friday,9,9,2016,36,workday
984,10.09.2016,6,Saturday,10,9,2016,36,weekend
985,11.09.2016,7,Sunday,11,9,2016,36,weekend
986,12.09.2016,1,Monday,12,9,2016,37,workday
987,13.09.2016,2,Tuesday,13,9,2016,37,workday
988,14.09.2016,3,Wednesday,14,9,2016,37,workday
989,15.09.2016,4,Thursday,15,9,2016,37,workday
990,16.09.2016,5,Friday,16,9,2016,37,workday
991,17.09.2016,6,Saturday,17,9,2016,37,weekend
992,18.09.2016,7,Sunday,18,9,2016,37,weekend
993,19.09.2016,1,Monday,19,9,2016,38,workday
994,20.09.2016,2,Tuesday,20,9,2016,38,workday
995,21.09.2016,3,Wednesday,21,9,2016,38,workday
996,22.09.2016,4,Thursday,22,9,2016,38,workday
997,23.09.2016,5,Friday,23,9,2016,38,workday
998,24.09.2016,6,Saturday,24,9,2016,38,weekend
999,25.09.2016,7,Sunday,25,9,2016,38,weekend
1000,26.09.2016,1,Monday,26,9,2016,39,workday
1001,27.09.2016,2,Tuesday,27,9,2016,39,workday
1002,28.09.2016,3,Wednesday,28,9,2016,39,workday
1003,29.09.2016,4,Thursday,29,9,2016,39,workday
1004,30.09.2016,5,Friday,30,9,2016,39,workday
1005,01.10.2016,6,Saturday,1,10,2016,39,weekend
1006,02.10.2016,7,Sunday,2,10,2016,39,weekend
1007,03.10.2016,1,Monday,3,10,2016,40,workday
1008,04.10.2016,2,Tuesday,4,10,2016,40,workday
1009,05.10.2016,3,Wednesday,5,10,2016,40,workday
1010,06.10.2016,4,Thursday,6,10,2016,40,workday
1011,07.10.2016,5,Friday,7,10,2016,40,workday
1012,08.10.2016,6,Saturday,8,10,2016,40,weekend
1013,09.10.2016,7,Sunday,9,10,2016,40,weekend
1014,10.10.2016,1,Monday,10,10,2016,41,workday
1015,11.10.2016,2,Tuesday,11,10,2016,41,workday
1016,12.10.2016,3,Wednesday,12,10,2016,41,workday
1017,13.10.2016,4,Thursday,13,10,2016,41,workday
1018,14.10.2016,5,Friday,14,10,2016,41,workday
1019,15.10.2016,6,Saturday,15,10,2016,41,weekend
1020,16.10.2016,7,Sunday,16,10,2016,41,weekend
1021,17.10.2016,1,Monday,17,10,2016,42,workday
1022,18.10.2016,2,Tuesday,18,10,2016,42,workday
1023,19.10.2016,3,Wednesday,19,10,2016,42,workday
1024,20.10.2016,4,Thursday,20,10,2016,42,workday
1025,21.10.2016,5,Friday,21,10,2016,42,workday
1026,22.10.2016,6,Saturday,22,10,2016,42,weekend
1027,23.10.2016,7,Sunday,23,10,2016,42,weekend
1028,24.10.2016,1,Monday,24,10,2016,43,workday
1029,25.10.2016,2,Tuesday,25,10,2016,43,workday
1030,26.10.2016,3,Wednesday,26,10,2016,43,workday
1031,27.10.2016,4,Thursday,27,10,2016,43,workday
1032,28.10.2016,5,Friday,28,10,2016,43,workday
1033,29.10.2016,6,Saturday,29,10,2016,43,weekend
1034,30.10.2016,7,Sunday,30,10,2016,43,weekend
1035,31.10.2016,1,Monday,31,10,2016,44,workday
1036,01.11.2016,2,Tuesday,1,11,2016,44,workday
1037,02.11.2016,3,Wednesday,2,11,2016,44,workday
1038,03.11.2016,4,Thursday,3,11,2016,44,workday
1039,04.11.2016,5,Friday,4,11,2016,44,workday
1040,05.11.2016,6,Saturday,5,11,2016,44,weekend
1041,06.11.2016,7,Sunday,6,11,2016,44,weekend
1042,07.11.2016,1,Monday,7,11,2016,45,workday
1043,08.11.2016,2,Tuesday,8,11,2016,45,workday
1044,09.11.2016,3,Wednesday,9,11,2016,45,workday
1045,10.11.2016,4,Thursday,10,11,2016,45,workday
1046,11.11.2016,5,Friday,11,11,2016,45,workday
1047,12.11.2016,6,Saturday,12,11,2016,45,weekend
1048,13.11.2016,7,Sunday,13,11,2016,45,weekend
1049,14.11.2016,1,Monday,14,11,2016,46,workday
1050,15.11.2016,2,Tuesday,15,11,2016,46,workday
1051,16.11.2016,3,Wednesday,16,11,2016,46,workday
1052,17.11.2016,4,Thursday,17,11,2016,46,workday
1053,18.11.2016,5,Friday,18,11,2016,46,workday
1054,19.11.2016,6,Saturday,19,11,2016,46,weekend
1055,20.11.2016,7,Sunday,20,11,2016,46,weekend
1056,21.11.2016,1,Monday,21,11,2016,47,workday
1057,22.11.2016,2,Tuesday,22,11,2016,47,workday
1058,23.11.2016,3,Wednesday,23,11,2016,47,workday
1059,24.11.2016,4,Thursday,24,11,2016,47,workday
1060,25.11.2016,5,Friday,25,11,2016,47,workday
1061,26.11.2016,6,Saturday,26,11,2016,47,weekend
1062,27.11.2016,7,Sunday,27,11,2016,47,weekend
1063,28.11.2016,1,Monday,28,11,2016,48,workday
1064,29.11.2016,2,Tuesday,29,11,2016,48,workday
1065,30.11.2016,3,Wednesday,30,11,2016,48,workday
1066,01.12.2016,4,Thursday,1,12,2016,48,workday
1067,02.12.2016,5,Friday,2,12,2016,48,workday
1068,03.12.2016,6,Saturday,3,12,2016,48,weekend
1069,04.12.2016,7,Sunday,4,12,2016,48,weekend
1070,05.12.2016,1,Monday,5,12,2016,49,workday
1071,06.12.2016,2,Tuesday,6,12,2016,49,workday
1072,07.12.2016,3,Wednesday,7,12,2016,49,workday
1073,08.12.2016,4,Thursday,8,12,2016,49,workday
1074,09.12.2016,5,Friday,9,12,2016,49,workday
1075,10.12.2016,6,Saturday,10,12,2016,49,weekend
1076,11.12.2016,7,Sunday,11,12,2016,49,weekend
1077,12.12.2016,1,Monday,12,12,2016,50,workday
1078,13.12.2016,2,Tuesday,13,12,2016,50,workday
1079,14.12.2016,3,Wednesday,14,12,2016,50,workday
1080,15.12.2016,4,Thursday,15,12,2016,50,workday
1081,16.12.2016,5,Friday,16,12,2016,50,workday
1082,17.12.2016,6,Saturday,17,12,2016,50,weekend
1083,18.12.2016,7,Sunday,18,12,2016,50,weekend
1084,19.12.2016,1,Monday,19,12,2016,51,workday
1085,20.12.2016,2,Tuesday,20,12,2016,51,workday
1086,21.12.2016,3,Wednesday,21,12,2016,51,workday
1087,22.12.2016,4,Thursday,22,12,2016,51,workday
1088,23.12.2016,5,Friday,23,12,2016,51,workday
1089,24.12.2016,6,Saturday,24,12,2016,51,weekend
1090,25.12.2016,7,Sunday,25,12,2016,51,weekend
1091,26.12.2016,1,Monday,26,12,2016,52,workday
1092,27.12.2016,2,Tuesday,27,12,2016,52,workday
1093,28.12.2016,3,Wednesday,28,12,2016,52,workday
1094,29.12.2016,4,Thursday,29,12,2016,52,workday
1095,30.12.2016,5,Friday,30,12,2016,52,workday
1096,31.12.2016,6,Saturday,31,12,2016,52,weekend
1097,01.01.2017,7,Sunday,1,1,2017,52,weekend
1098,02.01.2017,1,Monday,2,1,2017,1,workday
1099,03.01.2017,2,Tuesday,3,1,2017,1,workday
1100,04.01.2017,3,Wednesday,4,1,2017,1,workday
1101,05.01.2017,4,Thursday,5,1,2017,1,workday
1102,06.01.2017,5,Friday,6,1,2017,1,workday
1103,07.01.2017,6,Saturday,7,1,2017,1,weekend
1104,08.01.2017,7,Sunday,8,1,2017,1,weekend
1105,09.01.2017,1,Monday,9,1,2017,2,workday
1106,10.01.2017,2,Tuesday,10,1,2017,2,workday
1107,11.01.2017,3,Wednesday,11,1,2017,2,workday
1108,12.01.2017,4,Thursday,12,1,2017,2,workday
1109,13.01.2017,5,Friday,13,1,2017,2,workday
1110,14.01.2017,6,Saturday,14,1,2017,2,weekend
1111,15.01.2017,7,Sunday,15,1,2017,2,weekend
1112,16.01.2017,1,Monday,16,1,2017,3,workday
1113,17.01.2017,2,Tuesday,17,1,2017,3,workday
1114,18.01.2017,3,Wednesday,18,1,2017,3,workday
1115,19.01.2017,4,Thursday,19,1,2017,3,workday
1116,20.01.2017,5,Friday,20,1,2017,3,workday
1117,21.01.2017,6,Saturday,21,1,2017,3,weekend
1118,22.01.2017,7,Sunday,22,1,2017,3,weekend
1119,23.01.2017,1,Monday,23,1,2017,4,workday
1120,24.01.2017,2,Tuesday,24,1,2017,4,workday
1121,25.01.2017,3,Wednesday,25,1,2017,4,workday
1122,26.01.2017,4,Thursday,26,1,2017,4,workday
1123,27.01.2017,5,Friday,27,1,2017,4,workday
1124,28.01.2017,6,Saturday,28,1,2017,4,weekend
1125,29.01.2017,7,Sunday,29,1,2017,4,weekend
1126,30.01.2017,1,Monday,30,1,2017,5,workday
1127,31.01.2017,2,Tuesday,31,1,2017,5,workday
1128,01.02.2017,3,Wednesday,1,2,2017,5,workday
1129,02.02.2017,4,Thursday,2,2,2017,5,workday
1130,03.02.2017,5,Friday,3,2,2017,5,workday
1131,04.02.2017,6,Saturday,4,2,2017,5,weekend
1132,05.02.2017,7,Sunday,5,2,2017,5,weekend
1133,06.02.2017,1,Monday,6,2,2017,6,workday
1134,07.02.2017,2,Tuesday,7,2,2017,6,workday
1135,08.02.2017,3,Wednesday,8,2,2017,6,workday
1136,09.02.2017,4,Thursday,9,2,2017,6,workday
1137,10.02.2017,5,Friday,10,2,2017,6,workday
1138,11.02.2017,6,Saturday,11,2,2017,6,weekend
1139,12.02.2017,7,Sunday,12,2,2017,6,weekend
1140,13.02.2017,1,Monday,13,2,2017,7,workday
1141,14.02.2017,2,Tuesday,14,2,2017,7,workday
1142,15.02.2017,3,Wednesday,15,2,2017,7,workday
1143,16.02.2017,4,Thursday,16,2,2017,7,workday
1144,17.02.2017,5,Friday,17,2,2017,7,workday
1145,18.02.2017,6,Saturday,18,2,2017,7,weekend
1146,19.02.2017,7,Sunday,19,2,2017,7,weekend
1147,20.02.2017,1,Monday,20,2,2017,8,workday
1148,21.02.2017,2,Tuesday,21,2,2017,8,workday
1149,22.02.2017,3,Wednesday,22,2,2017,8,workday
1150,23.02.2017,4,Thursday,23,2,2017,8,workday
1151,24.02.2017,5,Friday,24,2,2017,8,workday
1152,25.02.2017,6,Saturday,25,2,2017,8,weekend
1153,26.02.2017,7,Sunday,26,2,2017,8,weekend
1154,27.02.2017,1,Monday,27,2,2017,9,workday
1155,28.02.2017,2,Tuesday,28,2,2017,9,workday
1156,01.03.2017,3,Wednesday,1,3,2017,9,workday
1157,02.03.2017,4,Thursday,2,3,2017,9,workday
1158,03.03.2017,5,Friday,3,3,2017,9,workday
1159,04.03.2017,6,Saturday,4,3,2017,9,weekend
1160,05.03.2017,7,Sunday,5,3,2017,9,weekend
1161,06.03.2017,1,Monday,6,3,2017,10,workday
1162,07.03.2017,2,Tuesday,7,3,2017,10,workday
1163,08.03.2017,3,Wednesday,8,3,2017,10,workday
1164,09.03.2017,4,Thursday,9,3,2017,10,workday
1165,10.03.2017,5,Friday,10,3,2017,10,workday
1166,11.03.2017,6,Saturday,11,3,2017,10,weekend
1167,12.03.2017,7,Sunday,12,3,2017,10,weekend
1168,13.03.2017,1,Monday,13,3,2017,11,workday
1169,14.03.2017,2,Tuesday,14,3,2017,11,workday
1170,15.03.2017,3,Wednesday,15,3,2017,11,workday
1171,16.03.2017,4,Thursday,16,3,2017,11,workday
1172,17.03.2017,5,Friday,17,3,2017,11,workday
1173,18.03.2017,6,Saturday,18,3,2017,11,weekend
1174,19.03.2017,7,Sunday,19,3,2017,11,weekend
1175,20.03.2017,1,Monday,20,3,2017,12,workday
1176,21.03.2017,2,Tuesday,21,3,2017,12,workday
1177,22.03.2017,3,Wednesday,22,3,2017,12,workday
1178,23.03.2017,4,Thursday,23,3,2017,12,workday
1179,24.03.2017,5,Friday,24,3,2017,12,workday
1180,25.03.2017,6,Saturday,25,3,2017,12,weekend
1181,26.03.2017,7,Sunday,26,3,2017,12,weekend
1182,27.03.2017,1,Monday,27,3,2017,13,workday
1183,28.03.2017,2,Tuesday,28,3,2017,13,workday
1184,29.03.2017,3,Wednesday,29,3,2017,13,workday
1185,30.03.2017,4,Thursday,30,3,2017,13,workday
1186,31.03.2017,5,Friday,31,3,2017,13,workday
1187,01.04.2017,6,Saturday,1,4,2017,13,weekend
1188,02.04.2017,7,Sunday,2,4,2017,13,weekend
1189,03.04.2017,1,Monday,3,4,2017,14,workday
1190,04.04.2017,2,Tuesday,4,4,2017,14,workday
1191,05.04.2017,3,Wednesday,5,4,2017,14,workday
1192,06.04.2017,4,Thursday,6,4,2017,14,workday
1193,07.04.2017,5,Friday,7,4,2017,14,workday
1194,08.04.2017,6,Saturday,8,4,2017,14,weekend
1195,09.04.2017,7,Sunday,9,4,2017,14,weekend
1196,10.04.2017,1,Monday,10,4,2017,15,workday
1197,11.04.2017,2,Tuesday,11,4,2017,15,workday
1198,12.04.2017,3,Wednesday,12,4,2017,15,workday
1199,13.04.2017,4,Thursday,13,4,2017,15,workday
1200,14.04.2017,5,Friday,14,4,2017,15,workday
1201,15.04.2017,6,Saturday,15,4,2017,15,weekend
1202,16.04.2017,7,Sunday,16,4,2017,15,weekend
1203,17.04.2017,1,Monday,17,4,2017,16,workday
1204,18.04.2017,2,Tuesday,18,4,2017,16,workday
1205,19.04.2017,3,Wednesday,19,4,2017,16,workday
1206,20.04.2017,4,Thursday,20,4,2017,16,workday
1207,21.04.2017,5,Friday,21,4,2017,16,workday
1208,22.04.2017,6,Saturday,22,4,2017,16,weekend
1209,23.04.2017,7,Sunday,23,4,2017,16,weekend
1210,24.04.2017,1,Monday,24,4,2017,17,workday
1211,25.04.2017,2,Tuesday,25,4,2017,17,workday
1212,26.04.2017,3,Wednesday,26,4,2017,17,workday
1213,27.04.2017,4,Thursday,27,4,2017,17,workday
1214,28.04.2017,5,Friday,28,4,2017,17,workday
1215,29.04.2017,6,Saturday,29,4,2017,17,weekend
1216,30.04.2017,7,Sunday,30,4,2017,17,weekend
1217,01.05.2017,1,Monday,1,5,2017,18,workday
1218,02.05.2017,2,Tuesday,2,5,2017,18,workday
1219,03.05.2017,3,Wednesday,3,5,2017,18,workday
1220,04.05.2017,4,Thursday,4,5,2017,18,workday
1221,05.05.2017,5,Friday,5,5,2017,18,workday
1222,06.05.2017,6,Saturday,6,5,2017,18,weekend
1223,07.05.2017,7,Sunday,7,5,2017,18,weekend
1224,08.05.2017,1,Monday,8,5,2017,19,workday
1225,09.05.2017,2,Tuesday,9,5,2017,19,workday
1226,10.05.2017,3,Wednesday,10,5,2017,19,workday
1227,11.05.2017,4,Thursday,11,5,2017,19,workday
1228,12.05.2017,5,Friday,12,5,2017,19,workday
1229,13.05.2017,6,Saturday,13,5,2017,19,weekend
1230,14.05.2017,7,Sunday,14,5,2017,19,weekend
1231,15.05.2017,1,Monday,15,5,2017,20,workday
1232,16.05.2017,2,Tuesday,16,5,2017,20,workday
1233,17.05.2017,3,Wednesday,17,5,2017,20,workday
1234,18.05.2017,4,Thursday,18,5,2017,20,workday
1235,19.05.2017,5,Friday,19,5,2017,20,workday
1236,20.05.2017,6,Saturday,20,5,2017,20,weekend
1237,21.05.2017,7,Sunday,21,5,2017,20,weekend
1238,22.05.2017,1,Monday,22,5,2017,21,workday
1239,23.05.2017,2,Tuesday,23,5,2017,21,workday
1240,24.05.2017,3,Wednesday,24,5,2017,21,workday
1241,25.05.2017,4,Thursday,25,5,2017,21,workday
1242,26.05.2017,5,Friday,26,5,2017,21,workday
1243,27.05.2017,6,Saturday,27,5,2017,21,weekend
1244,28.05.2017,7,Sunday,28,5,2017,21,weekend
1245,29.05.2017,1,Monday,29,5,2017,22,workday
1246,30.05.2017,2,Tuesday,30,5,2017,22,workday
1247,31.05.2017,3,Wednesday,31,5,2017,22,workday
1248,01.06.2017,4,Thursday,1,6,2017,22,workday
1249,02.06.2017,5,Friday,2,6,2017,22,workday
1250,03.06.2017,6,Saturday,3,6,2017,22,weekend
1251,04.06.2017,7,Sunday,4,6,2017,22,weekend
1252,05.06.2017,1,Monday,5,6,2017,23,workday
1253,06.06.2017,2,Tuesday,6,6,2017,23,workday
1254,07.06.2017,3,Wednesday,7,6,2017,23,workday
1255,08.06.2017,4,Thursday,8,6,2017,23,workday
1256,09.06.2017,5,Friday,9,6,2017,23,workday
1257,10.06.2017,6,Saturday,10,6,2017,23,weekend
1258,11.06.2017,7,Sunday,11,6,2017,23,weekend
1259,12.06.2017,1,Monday,12,6,2017,24,workday
1260,13.06.2017,2,Tuesday,13,6,2017,24,workday
1261,14.06.2017,3,Wednesday,14,6,2017,24,workday
1262,15.06.2017,4,Thursday,15,6,2017,24,workday
1263,16.06.2017,5,Friday,16,6,2017,24,workday
1264,17.06.2017,6,Saturday,17,6,2017,24,weekend
1265,18.06.2017,7,Sunday,18,6,2017,24,weekend
1266,19.06.2017,1,Monday,19,6,2017,25,workday
1267,20.06.2017,2,Tuesday,20,6,2017,25,workday
1268,21.06.2017,3,Wednesday,21,6,2017,25,workday
1269,22.06.2017,4,Thursday,22,6,2017,25,workday
1270,23.06.2017,5,Friday,23,6,2017,25,workday
1271,24.06.2017,6,Saturday,24,6,2017,25,weekend
1272,25.06.2017,7,Sunday,25,6,2017,25,weekend
1273,26.06.2017,1,Monday,26,6,2017,26,workday
1274,27.06.2017,2,Tuesday,27,6,2017,26,workday
1275,28.06.2017,3,Wednesday,28,6,2017,26,workday
1276,29.06.2017,4,Thursday,29,6,2017,26,workday
1277,30.06.2017,5,Friday,30,6,2017,26,workday
1278,01.07.2017,6,Saturday,1,7,2017,26,weekend
1279,02.07.2017,7,Sunday,2,7,2017,26,weekend
1280,03.07.2017,1,Monday,3,7,2017,27,workday
1281,04.07.2017,2,Tuesday,4,7,2017,27,workday
1282,05.07.2017,3,Wednesday,5,7,2017,27,workday
1283,06.07.2017,4,Thursday,6,7,2017,27,workday
1284,07.07.2017,5,Friday,7,7,2017,27,workday
1285,08.07.2017,6,Saturday,8,7,2017,27,weekend
1286,09.07.2017,7,Sunday,9,7,2017,27,weekend
1287,10.07.2017,1,Monday,10,7,2017,28,workday
1288,11.07.2017,2,Tuesday,11,7,2017,28,workday
1289,12.07.2017,3,Wednesday,12,7,2017,28,workday
1290,13.07.2017,4,Thursday,13,7,2017,28,workday
1291,14.07.2017,5,Friday,14,7,2017,28,workday
1292,15.07.2017,6,Saturday,15,7,2017,28,weekend
1293,16.07.2017,7,Sunday,16,7,2017,28,weekend
1294,17.07.2017,1,Monday,17,7,2017,29,workday
1295,18.07.2017,2,Tuesday,18,7,2017,29,workday
1296,19.07.2017,3,Wednesday,19,7,2017,29,workday
1297,20.07.2017,4,Thursday,20,7,2017,29,workday
1298,21.07.2017,5,Friday,21,7,2017,29,workday
1299,22.07.2017,6,Saturday,22,7,2017,29,weekend
1300,23.07.2017,7,Sunday,23,7,2017,29,weekend
1301,24.07.2017,1,Monday,24,7,2017,30,workday
1302,25.07.2017,2,Tuesday,25,7,2017,30,workday
1303,26.07.2017,3,Wednesday,26,7,2017,30,workday
1304,27.07.2017,4,Thursday,27,7,2017,30,workday
1305,28.07.2017,5,Friday,28,7,2017,30,workday
1306,29.07.2017,6,Saturday,29,7,2017,30,weekend
1307,30.07.2017,7,Sunday,30,7,2017,30,weekend
1308,31.07.2017,1,Monday,31,7,2017,31,workday
1309,01.08.2017,2,Tuesday,1,8,2017,31,workday
1310,02.08.2017,3,Wednesday,2,8,2017,31,workday
1311,03.08.2017,4,Thursday,3,8,2017,31,workday
1312,04.08.2017,5,Friday,4,8,2017,31,workday
1313,05.08.2017,6,Saturday,5,8,2017,31,weekend
1314,06.08.2017,7,Sunday,6,8,2017,31,weekend
1315,07.08.2017,1,Monday,7,8,2017,32,workday
1316,08.08.2017,2,Tuesday,8,8,2017,32,workday
1317,09.08.2017,3,Wednesday,9,8,2017,32,workday
1318,10.08.2017,4,Thursday,10,8,2017,32,workday
1319,11.08.2017,5,Friday,11,8,2017,32,workday
1320,12.08.2017,6,Saturday,12,8,2017,32,weekend
1321,13.08.2017,7,Sunday,13,8,2017,32,weekend
1322,14.08.2017,1,Monday,14,8,2017,33,workday
1323,15.08.2017,2,Tuesday,15,8,2017,33,workday
1324,16.08.2017,3,Wednesday,16,8,2017,33,workday
1325,17.08.2017,4,Thursday,17,8,2017,33,workday
1326,18.08.2017,5,Friday,18,8,2017,33,workday
1327,19.08.2017,6,Saturday,19,8,2017,33,weekend
1328,20.08.2017,7,Sunday,20,8,2017,33,weekend
1329,21.08.2017,1,Monday,21,8,2017,34,workday
1330,22.08.2017,2,Tuesday,22,8,2017,34,workday
1331,23.08.2017,3,Wednesday,23,8,2017,34,workday
1332,24.08.2017,4,Thursday,24,8,2017,34,workday
1333,25.08.2017,5,Friday,25,8,2017,34,workday
1334,26.08.2017,6,Saturday,26,8,2017,34,weekend
1335,27.08.2017,7,Sunday,27,8,2017,34,weekend
1336,28.08.2017,1,Monday,28,8,2017,35,workday
1337,29.08.2017,2,Tuesday,29,8,2017,35,workday
1338,30.08.2017,3,Wednesday,30,8,2017,35,workday
1339,31.08.2017,4,Thursday,31,8,2017,35,workday
1340,01.09.2017,5,Friday,1,9,2017,35,workday
1341,02.09.2017,6,Saturday,2,9,2017,35,weekend
1342,03.09.2017,7,Sunday,3,9,2017,35,weekend
1343,04.09.2017,1,Monday,4,9,2017,36,workday
1344,05.09.2017,2,Tuesday,5,9,2017,36,workday
1345,06.09.2017,3,Wednesday,6,9,2017,36,workday
1346,07.09.2017,4,Thursday,7,9,2017,36,workday
1347,08.09.2017,5,Friday,8,9,2017,36,workday
1348,09.09.2017,6,Saturday,9,9,2017,36,weekend
1349,10.09.2017,7,Sunday,10,9,2017,36,weekend
1350,11.09.2017,1,Monday,11,9,2017,37,workday
1351,12.09.2017,2,Tuesday,12,9,2017,37,workday
1352,13.09.2017,3,Wednesday,13,9,2017,37,workday
1353,14.09.2017,4,Thursday,14,9,2017,37,workday
1354,15.09.2017,5,Friday,15,9,2017,37,workday
1355,16.09.2017,6,Saturday,16,9,2017,37,weekend
1356,17.09.2017,7,Sunday,17,9,2017,37,weekend
1357,18.09.2017,1,Monday,18,9,2017,38,workday
1358,19.09.2017,2,Tuesday,19,9,2017,38,workday
1359,20.09.2017,3,Wednesday,20,9,2017,38,workday
1360,21.09.2017,4,Thursday,21,9,2017,38,workday
1361,22.09.2017,5,Friday,22,9,2017,38,workday
1362,23.09.2017,6,Saturday,23,9,2017,38,weekend
1363,24.09.2017,7,Sunday,24,9,2017,38,weekend
1364,25.09.2017,1,Monday,25,9,2017,39,workday
1365,26.09.2017,2,Tuesday,26,9,2017,39,workday
1366,27.09.2017,3,Wednesday,27,9,2017,39,workday
1367,28.09.2017,4,Thursday,28,9,2017,39,workday
1368,29.09.2017,5,Friday,29,9,2017,39,workday
1369,30.09.2017,6,Saturday,30,9,2017,39,weekend
1370,01.10.2017,7,Sunday,1,10,2017,39,weekend
1371,02.10.2017,1,Monday,2,10,2017,40,workday
1372,03.10.2017,2,Tuesday,3,10,2017,40,workday
1373,04.10.2017,3,Wednesday,4,10,2017,40,workday
1374,05.10.2017,4,Thursday,5,10,2017,40,workday
1375,06.10.2017,5,Friday,6,10,2017,40,workday
1376,07.10.2017,6,Saturday,7,10,2017,40,weekend
1377,08.10.2017,7,Sunday,8,10,2017,40,weekend
1378,09.10.2017,1,Monday,9,10,2017,41,workday
1379,10.10.2017,2,Tuesday,10,10,2017,41,workday
1380,11.10.2017,3,Wednesday,11,10,2017,41,workday
1381,12.10.2017,4,Thursday,12,10,2017,41,workday
1382,13.10.2017,5,Friday,13,10,2017,41,workday
1383,14.10.2017,6,Saturday,14,10,2017,41,weekend
1384,15.10.2017,7,Sunday,15,10,2017,41,weekend
1385,16.10.2017,1,Monday,16,10,2017,42,workday
1386,17.10.2017,2,Tuesday,17,10,2017,42,workday
1387,18.10.2017,3,Wednesday,18,10,2017,42,workday
1388,19.10.2017,4,Thursday,19,10,2017,42,workday
1389,20.10.2017,5,Friday,20,10,2017,42,workday
1390,21.10.2017,6,Saturday,21,10,2017,42,weekend
1391,22.10.2017,7,Sunday,22,10,2017,42,weekend
1392,23.10.2017,1,Monday,23,10,2017,43,workday
1393,24.10.2017,2,Tuesday,24,10,2017,43,workday
1394,25.10.2017,3,Wednesday,25,10,2017,43,workday
1395,26.10.2017,4,Thursday,26,10,2017,43,workday
1396,27.10.2017,5,Friday,27,10,2017,43,workday
1397,28.10.2017,6,Saturday,28,10,2017,43,weekend
1398,29.10.2017,7,Sunday,29,10,2017,43,weekend
1399,30.10.2017,1,Monday,30,10,2017,44,workday
1400,31.10.2017,2,Tuesday,31,10,2017,44,workday
1401,01.11.2017,3,Wednesday,1,11,2017,44,workday
1402,02.11.2017,4,Thursday,2,11,2017,44,workday
1403,03.11.2017,5,Friday,3,11,2017,44,workday
1404,04.11.2017,6,Saturday,4,11,2017,44,weekend
1405,05.11.2017,7,Sunday,5,11,2017,44,weekend
1406,06.11.2017,1,Monday,6,11,2017,45,workday
1407,07.11.2017,2,Tuesday,7,11,2017,45,workday
1408,08.11.2017,3,Wednesday,8,11,2017,45,workday
1409,09.11.2017,4,Thursday,9,11,2017,45,workday
1410,10.11.2017,5,Friday,10,11,2017,45,workday
1411,11.11.2017,6,Saturday,11,11,2017,45,weekend
1412,12.11.2017,7,Sunday,12,11,2017,45,weekend
1413,13.11.2017,1,Monday,13,11,2017,46,workday
1414,14.11.2017,2,Tuesday,14,11,2017,46,workday
1415,15.11.2017,3,Wednesday,15,11,2017,46,workday
1416,16.11.2017,4,Thursday,16,11,2017,46,workday
1417,17.11.2017,5,Friday,17,11,2017,46,workday
1418,18.11.2017,6,Saturday,18,11,2017,46,weekend
1419,19.11.2017,7,Sunday,19,11,2017,46,weekend
1420,20.11.2017,1,Monday,20,11,2017,47,workday
1421,21.11.2017,2,Tuesday,21,11,2017,47,workday
1422,22.11.2017,3,Wednesday,22,11,2017,47,workday
1423,23.11.2017,4,Thursday,23,11,2017,47,workday
1424,24.11.2017,5,Friday,24,11,2017,47,workday
1425,25.11.2017,6,Saturday,25,11,2017,47,weekend
1426,26.11.2017,7,Sunday,26,11,2017,47,weekend
1427,27.11.2017,1,Monday,27,11,2017,48,workday
1428,28.11.2017,2,Tuesday,28,11,2017,48,workday
1429,29.11.2017,3,Wednesday,29,11,2017,48,workday
1430,30.11.2017,4,Thursday,30,11,2017,48,workday
1431,01.12.2017,5,Friday,1,12,2017,48,workday
1432,02.12.2017,6,Saturday,2,12,2017,48,weekend
1433,03.12.2017,7,Sunday,3,12,2017,48,weekend
1434,04.12.2017,1,Monday,4,12,2017,49,workday
1435,05.12.2017,2,Tuesday,5,12,2017,49,workday
1436,06.12.2017,3,Wednesday,6,12,2017,49,workday
1437,07.12.2017,4,Thursday,7,12,2017,49,workday
1438,08.12.2017,5,Friday,8,12,2017,49,workday
1439,09.12.2017,6,Saturday,9,12,2017,49,weekend
1440,10.12.2017,7,Sunday,10,12,2017,49,weekend
1441,11.12.2017,1,Monday,11,12,2017,50,workday
1442,12.12.2017,2,Tuesday,12,12,2017,50,workday
1443,13.12.2017,3,Wednesday,13,12,2017,50,workday
1444,14.12.2017,4,Thursday,14,12,2017,50,workday
1445,15.12.2017,5,Friday,15,12,2017,50,workday
1446,16.12.2017,6,Saturday,16,12,2017,50,weekend
1447,17.12.2017,7,Sunday,17,12,2017,50,weekend
1448,18.12.2017,1,Monday,18,12,2017,51,workday
1449,19.12.2017,2,Tuesday,19,12,2017,51,workday
1450,20.12.2017,3,Wednesday,20,12,2017,51,workday
1451,21.12.2017,4,Thursday,21,12,2017,51,workday
1452,22.12.2017,5,Friday,22,12,2017,51,workday
1453,23.12.2017,6,Saturday,23,12,2017,51,weekend
1454,24.12.2017,7,Sunday,24,12,2017,51,weekend
1455,25.12.2017,1,Monday,25,12,2017,52,workday
1456,26.12.2017,2,Tuesday,26,12,2017,52,workday
1457,27.12.2017,3,Wednesday,27,12,2017,52,workday
1458,28.12.2017,4,Thursday,28,12,2017,52,workday
1459,29.12.2017,5,Friday,29,12,2017,52,workday
1460,30.12.2017,6,Saturday,30,12,2017,52,weekend
1461,31.12.2017,7,Sunday,31,12,2017,52,weekend